game_id;teams;date;qtr;yards;time
2013090500;DEN@BAL;2013-09-05;1;0;12
2013090500;BAL@DEN;2013-09-05;1;0;14
2013090500;DEN@BAL;2013-09-05;1;0;4
2013090500;DEN@BAL;2013-09-05;2;0;14
2013090500;DEN@BAL;2013-09-05;2;0;4
2013090500;BAL@DEN;2013-09-05;2;0;9
2013090500;BAL@DEN;2013-09-05;2;3;5
2013090500;BAL@DEN;2013-09-05;2;5;15
2013090500;BAL@DEN;2013-09-05;3;0;10
2013090500;BAL@DEN;2013-09-05;3;0;12
2013090500;DEN@BAL;2013-09-05;3;0;2
2013090500;DEN@BAL;2013-09-05;3;0;4
2013090500;BAL@DEN;2013-09-05;3;14;2
2013090500;BAL@DEN;2013-09-05;3;14;6
2013090500;BAL@DEN;2013-09-05;4;0;3
2013090500;DEN@BAL;2013-09-05;4;13;9
2013090500;BAL@DEN;2013-09-05;4;27;15
2013090812;DAL@NYG;2013-09-08;1;-2;11
2013090806;JAC@KC;2013-09-08;1;0;1
2013090806;JAC@KC;2013-09-08;1;0;1
2013090811;GB@SF;2013-09-08;1;0;10
2013090803;MIA@CLE;2013-09-08;1;0;10
2013090807;NYJ@TB;2013-09-08;1;0;10
2013090801;CAR@SEA;2013-09-08;1;0;11
2013090810;STL@ARI;2013-09-08;1;0;12
2013090806;KC@JAC;2013-09-08;1;0;13
2013090800;NE@BUF;2013-09-08;1;0;13
2013090811;GB@SF;2013-09-08;1;0;14
2013090800;BUF@NE;2013-09-08;1;0;3
2013090809;TEN@PIT;2013-09-08;1;0;4
2013090806;KC@JAC;2013-09-08;1;0;5
2013090807;TB@NYJ;2013-09-08;1;0;5
2013090810;ARI@STL;2013-09-08;1;0;6
2013090801;SEA@CAR;2013-09-08;1;0;6
2013090802;CHI@CIN;2013-09-08;1;0;8
2013090806;JAC@KC;2013-09-08;1;0;8
2013090808;ATL@NO;2013-09-08;1;1;14
2013090806;JAC@KC;2013-09-08;1;3;14
2013090803;CLE@MIA;2013-09-08;1;3;9
2013090802;CIN@CHI;2013-09-08;1;3;9
2013090807;NYJ@TB;2013-09-08;1;7;4
2013090808;NO@ATL;2013-09-08;1;8;12
2013090804;MIN@DET;2013-09-08;1;8;4
2013090807;TB@NYJ;2013-09-08;1;9;12
2013090811;SF@GB;2013-09-08;1;9;13
2013090801;SEA@CAR;2013-09-08;1;10;9
2013090809;PIT@TEN;2013-09-08;1;12;1
2013090801;CAR@SEA;2013-09-08;1;12;4
2013090800;BUF@NE;2013-09-08;1;16;9
2013090801;CAR@SEA;2013-09-08;1;22;6
2013090807;NYJ@TB;2013-09-08;1;28;8
2013090806;JAC@KC;2013-09-08;1;36;11
2013090802;CHI@CIN;2013-09-08;1;50;15
2013090804;MIN@DET;2013-09-08;2;-1;10
2013090803;CLE@MIA;2013-09-08;2;-1;12
2013090812;DAL@NYG;2013-09-08;2;0;1
2013090802;CIN@CHI;2013-09-08;2;0;1
2013090808;ATL@NO;2013-09-08;2;0;1
2013090804;DET@MIN;2013-09-08;2;0;11
2013090800;NE@BUF;2013-09-08;2;0;11
2013090800;BUF@NE;2013-09-08;2;0;12
2013090811;SF@GB;2013-09-08;2;0;13
2013090802;CHI@CIN;2013-09-08;2;0;13
2013090806;KC@JAC;2013-09-08;2;0;13
2013090800;NE@BUF;2013-09-08;2;0;14
2013090809;TEN@PIT;2013-09-08;2;0;15
2013090805;OAK@IND;2013-09-08;2;0;2
2013090802;CHI@CIN;2013-09-08;2;0;2
2013090806;KC@JAC;2013-09-08;2;0;2
2013090800;BUF@NE;2013-09-08;2;0;2
2013090805;IND@OAK;2013-09-08;2;0;3
2013090808;ATL@NO;2013-09-08;2;0;6
2013090800;NE@BUF;2013-09-08;2;0;6
2013090811;SF@GB;2013-09-08;2;0;7
2013090802;CHI@CIN;2013-09-08;2;0;8
2013090807;TB@NYJ;2013-09-08;2;0;8
2013090811;GB@SF;2013-09-08;2;0;9
2013090803;MIA@CLE;2013-09-08;2;1;10
2013090806;JAC@KC;2013-09-08;2;4;4
2013090809;PIT@TEN;2013-09-08;2;5;10
2013090805;IND@OAK;2013-09-08;2;5;2
2013090809;TEN@PIT;2013-09-08;2;7;8
2013090804;MIN@DET;2013-09-08;2;10;5
2013090804;DET@MIN;2013-09-08;2;11;7
2013090800;BUF@NE;2013-09-08;2;14;11
2013090812;NYG@DAL;2013-09-08;2;14;9
2013090806;JAC@KC;2013-09-08;2;15;12
2013090805;OAK@IND;2013-09-08;2;23;15
2013090803;MIA@CLE;2013-09-08;2;31;9
2013090803;MIA@CLE;2013-09-08;3;0;1
2013090800;NE@BUF;2013-09-08;3;0;1
2013090803;CLE@MIA;2013-09-08;3;0;10
2013090806;JAC@KC;2013-09-08;3;0;10
2013090805;IND@OAK;2013-09-08;3;0;11
2013090803;MIA@CLE;2013-09-08;3;0;11
2013090807;NYJ@TB;2013-09-08;3;0;11
2013090801;SEA@CAR;2013-09-08;3;0;12
2013090806;KC@JAC;2013-09-08;3;0;12
2013090803;CLE@MIA;2013-09-08;3;0;13
2013090809;TEN@PIT;2013-09-08;3;0;13
2013090804;MIN@DET;2013-09-08;3;0;14
2013090809;PIT@TEN;2013-09-08;3;0;14
2013090803;MIA@CLE;2013-09-08;3;0;15
2013090802;CIN@CHI;2013-09-08;3;0;2
2013090807;TB@NYJ;2013-09-08;3;0;2
2013090800;BUF@NE;2013-09-08;3;0;2
2013090807;NYJ@TB;2013-09-08;3;0;3
2013090808;ATL@NO;2013-09-08;3;0;4
2013090809;PIT@TEN;2013-09-08;3;0;4
2013090806;KC@JAC;2013-09-08;3;0;5
2013090812;DAL@NYG;2013-09-08;3;0;6
2013090807;TB@NYJ;2013-09-08;3;0;6
2013090811;SF@GB;2013-09-08;3;0;7
2013090801;CAR@SEA;2013-09-08;3;0;7
2013090810;STL@ARI;2013-09-08;3;0;8
2013090806;KC@JAC;2013-09-08;3;0;8
2013090812;NYG@DAL;2013-09-08;3;0;9
2013090810;ARI@STL;2013-09-08;3;1;12
2013090808;ATL@NO;2013-09-08;3;1;5
2013090811;GB@SF;2013-09-08;3;7;8
2013090812;DAL@NYG;2013-09-08;3;8;14
2013090804;MIN@DET;2013-09-08;3;8;14
2013090806;JAC@KC;2013-09-08;3;9;4
2013090809;PIT@TEN;2013-09-08;3;10;11
2013090808;NO@ATL;2013-09-08;3;13;14
2013090806;JAC@KC;2013-09-08;3;13;6
2013090811;SF@GB;2013-09-08;3;16;7
2013090803;CLE@MIA;2013-09-08;3;74;13
2013090802;CIN@CHI;2013-09-08;4;-2;7
2013090806;KC@JAC;2013-09-08;4;0;10
2013090806;JAC@KC;2013-09-08;4;0;11
2013090811;SF@GB;2013-09-08;4;0;12
2013090807;TB@NYJ;2013-09-08;4;0;12
2013090804;DET@MIN;2013-09-08;4;0;13
2013090803;CLE@MIA;2013-09-08;4;0;13
2013090806;KC@JAC;2013-09-08;4;0;14
2013090808;NO@ATL;2013-09-08;4;0;14
2013090809;TEN@PIT;2013-09-08;4;0;15
2013090800;BUF@NE;2013-09-08;4;0;15
2013090810;ARI@STL;2013-09-08;4;0;2
2013090812;DAL@NYG;2013-09-08;4;0;3
2013090807;NYJ@TB;2013-09-08;4;0;3
2013090806;KC@JAC;2013-09-08;4;0;4
2013090807;TB@NYJ;2013-09-08;4;0;4
2013090811;GB@SF;2013-09-08;4;0;5
2013090804;DET@MIN;2013-09-08;4;0;5
2013090810;ARI@STL;2013-09-08;4;0;6
2013090800;NE@BUF;2013-09-08;4;0;6
2013090806;JAC@KC;2013-09-08;4;0;7
2013090800;BUF@NE;2013-09-08;4;0;9
2013090811;GB@SF;2013-09-08;4;1;14
2013090810;STL@ARI;2013-09-08;4;1;4
2013090807;NYJ@TB;2013-09-08;4;2;15
2013090800;BUF@NE;2013-09-08;4;2;5
2013090809;PIT@TEN;2013-09-08;4;4;13
2013090808;ATL@NO;2013-09-08;4;5;10
2013090801;CAR@SEA;2013-09-08;4;5;14
2013090812;NYG@DAL;2013-09-08;4;5;6
2013090804;MIN@DET;2013-09-08;4;11;7
2013090801;CAR@SEA;2013-09-08;4;14;14
2013090812;DAL@NYG;2013-09-08;4;14;7
2013090809;PIT@TEN;2013-09-08;4;27;6
2013090901;SD@HOU;2013-09-09;1;0;10
2013090901;HOU@SD;2013-09-09;1;0;14
2013090900;PHI@WAS;2013-09-09;1;0;3
2013090900;PHI@WAS;2013-09-09;1;0;6
2013090900;WAS@PHI;2013-09-09;2;0;14
2013090900;WAS@PHI;2013-09-09;2;0;5
2013090901;SD@HOU;2013-09-09;2;0;7
2013090900;WAS@PHI;2013-09-09;2;0;9
2013090900;PHI@WAS;2013-09-09;2;5;10
2013090901;SD@HOU;2013-09-09;3;7;4
2013090900;PHI@WAS;2013-09-09;3;9;4
2013090900;PHI@WAS;2013-09-09;3;10;5
2013090900;PHI@WAS;2013-09-09;4;0;10
2013090900;PHI@WAS;2013-09-09;4;0;4
2013090901;SD@HOU;2013-09-09;4;0;5
2013090901;HOU@SD;2013-09-09;4;0;6
2013090901;SD@HOU;2013-09-09;4;5;10
2013090901;HOU@SD;2013-09-09;4;5;10
2013090901;HOU@SD;2013-09-09;4;8;13
2013090901;SD@HOU;2013-09-09;4;9;14
2013091200;NE@NYJ;2013-09-12;1;0;11
2013091200;NYJ@NE;2013-09-12;1;0;13
2013091200;NE@NYJ;2013-09-12;1;0;2
2013091200;NE@NYJ;2013-09-12;2;0;14
2013091200;NE@NYJ;2013-09-12;2;0;3
2013091200;NYJ@NE;2013-09-12;2;0;4
2013091200;NE@NYJ;2013-09-12;2;0;8
2013091200;NYJ@NE;2013-09-12;2;0;9
2013091200;NYJ@NE;2013-09-12;2;10;15
2013091200;NYJ@NE;2013-09-12;2;17;2
2013091200;NYJ@NE;2013-09-12;2;17;7
2013091200;NE@NYJ;2013-09-12;3;0;11
2013091200;NYJ@NE;2013-09-12;3;0;12
2013091200;NE@NYJ;2013-09-12;3;3;3
2013091200;NYJ@NE;2013-09-12;3;13;2
2013091200;NE@NYJ;2013-09-12;4;0;15
2013091200;NE@NYJ;2013-09-12;4;0;2
2013091200;NE@NYJ;2013-09-12;4;0;7
2013091200;NE@NYJ;2013-09-12;4;4;9
2013091200;NYJ@NE;2013-09-12;4;15;8
2013091513;SF@SEA;2013-09-15;1;-2;2
2013091509;ARI@DET;2013-09-15;1;0;1
2013091503;MIN@CHI;2013-09-15;1;0;11
2013091513;SEA@SF;2013-09-15;1;0;13
2013091508;PHI@SD;2013-09-15;1;0;13
2013091512;JAC@OAK;2013-09-15;1;0;3
2013091503;MIN@CHI;2013-09-15;1;0;3
2013091500;STL@ATL;2013-09-15;1;0;3
2013091513;SEA@SF;2013-09-15;1;0;4
2013091501;CLE@BAL;2013-09-15;1;0;4
2013091513;SF@SEA;2013-09-15;1;0;5
2013091511;DEN@NYG;2013-09-15;1;0;5
2013091502;CAR@BUF;2013-09-15;1;0;5
2013091500;ATL@STL;2013-09-15;1;0;5
2013091503;CHI@MIN;2013-09-15;1;0;6
2013091512;OAK@JAC;2013-09-15;1;0;7
2013091504;WAS@GB;2013-09-15;1;0;7
2013091500;STL@ATL;2013-09-15;1;0;7
2013091512;JAC@OAK;2013-09-15;1;0;8
2013091510;TB@NO;2013-09-15;1;0;9
2013091504;GB@WAS;2013-09-15;1;3;5
2013091511;NYG@DEN;2013-09-15;1;4;3
2013091509;DET@ARI;2013-09-15;1;5;13
2013091511;DEN@NYG;2013-09-15;1;7;2
2013091501;BAL@CLE;2013-09-15;1;8;2
2013091509;ARI@DET;2013-09-15;1;10;11
2013091504;WAS@GB;2013-09-15;1;11;4
2013091502;BUF@CAR;2013-09-15;1;12;3
2013091511;NYG@DEN;2013-09-15;1;14;1
2013091503;MIN@CHI;2013-09-15;1;14;4
2013091501;BAL@CLE;2013-09-15;1;18;7
2013091507;KC@DAL;2013-09-15;1;22;5
2013091512;JAC@OAK;2013-09-15;1;30;14
2013091513;SF@SEA;2013-09-15;1;33;14
2013091508;PHI@SD;2013-09-15;2;-3;12
2013091510;TB@NO;2013-09-15;2;-2;3
2013091513;SEA@SF;2013-09-15;2;0;1
2013091510;TB@NO;2013-09-15;2;0;10
2013091502;CAR@BUF;2013-09-15;2;0;10
2013091506;IND@MIA;2013-09-15;2;0;10
2013091504;WAS@GB;2013-09-15;2;0;11
2013091506;MIA@IND;2013-09-15;2;0;11
2013091513;SEA@SF;2013-09-15;2;0;12
2013091511;NYG@DEN;2013-09-15;2;0;12
2013091501;BAL@CLE;2013-09-15;2;0;12
2013091507;KC@DAL;2013-09-15;2;0;12
2013091503;MIN@CHI;2013-09-15;2;0;14
2013091505;HOU@TEN;2013-09-15;2;0;14
2013091509;DET@ARI;2013-09-15;2;0;15
2013091510;TB@NO;2013-09-15;2;0;15
2013091502;CAR@BUF;2013-09-15;2;0;15
2013091504;WAS@GB;2013-09-15;2;0;15
2013091507;KC@DAL;2013-09-15;2;0;15
2013091501;CLE@BAL;2013-09-15;2;0;2
2013091505;TEN@HOU;2013-09-15;2;0;2
2013091507;DAL@KC;2013-09-15;2;0;2
2013091502;BUF@CAR;2013-09-15;2;0;3
2013091505;HOU@TEN;2013-09-15;2;0;3
2013091506;MIA@IND;2013-09-15;2;0;3
2013091513;SF@SEA;2013-09-15;2;0;4
2013091512;JAC@OAK;2013-09-15;2;0;4
2013091501;BAL@CLE;2013-09-15;2;0;4
2013091510;NO@TB;2013-09-15;2;0;5
2013091506;IND@MIA;2013-09-15;2;0;5
2013091502;CAR@BUF;2013-09-15;2;0;6
2013091501;CLE@BAL;2013-09-15;2;0;6
2013091500;ATL@STL;2013-09-15;2;0;6
2013091511;DEN@NYG;2013-09-15;2;0;7
2013091507;KC@DAL;2013-09-15;2;0;7
2013091505;TEN@HOU;2013-09-15;2;4;13
2013091500;STL@ATL;2013-09-15;2;4;4
2013091512;OAK@JAC;2013-09-15;2;5;15
2013091511;DEN@NYG;2013-09-15;2;6;10
2013091509;ARI@DET;2013-09-15;2;8;2
2013091508;PHI@SD;2013-09-15;2;8;2
2013091502;BUF@CAR;2013-09-15;2;8;8
2013091506;MIA@IND;2013-09-15;2;9;7
2013091507;DAL@KC;2013-09-15;2;15;10
2013091502;CAR@BUF;2013-09-15;2;19;10
2013091507;DAL@KC;2013-09-15;2;20;14
2013091501;CLE@BAL;2013-09-15;2;22;14
2013091509;ARI@DET;2013-09-15;3;-6;13
2013091500;ATL@STL;2013-09-15;3;-1;12
2013091500;ATL@STL;2013-09-15;3;0;0
2013091505;TEN@HOU;2013-09-15;3;0;10
2013091500;STL@ATL;2013-09-15;3;0;10
2013091509;DET@ARI;2013-09-15;3;0;11
2013091501;CLE@BAL;2013-09-15;3;0;12
2013091503;CHI@MIN;2013-09-15;3;0;13
2013091504;WAS@GB;2013-09-15;3;0;14
2013091505;TEN@HOU;2013-09-15;3;0;14
2013091500;STL@ATL;2013-09-15;3;0;14
2013091510;TB@NO;2013-09-15;3;0;2
2013091502;CAR@BUF;2013-09-15;3;0;2
2013091512;JAC@OAK;2013-09-15;3;0;3
2013091509;DET@ARI;2013-09-15;3;0;3
2013091501;CLE@BAL;2013-09-15;3;0;3
2013091506;IND@MIA;2013-09-15;3;0;3
2013091510;NO@TB;2013-09-15;3;0;4
2013091512;OAK@JAC;2013-09-15;3;0;6
2013091508;SD@PHI;2013-09-15;3;0;6
2013091500;STL@ATL;2013-09-15;3;0;6
2013091512;JAC@OAK;2013-09-15;3;0;8
2013091506;IND@MIA;2013-09-15;3;0;8
2013091503;CHI@MIN;2013-09-15;3;0;9
2013091502;CAR@BUF;2013-09-15;3;0;9
2013091500;ATL@STL;2013-09-15;3;2;8
2013091505;HOU@TEN;2013-09-15;3;4;12
2013091505;TEN@HOU;2013-09-15;3;4;7
2013091505;TEN@HOU;2013-09-15;3;5;4
2013091500;ATL@STL;2013-09-15;3;5;4
2013091505;HOU@TEN;2013-09-15;3;6;1
2013091512;OAK@JAC;2013-09-15;3;6;13
2013091504;GB@WAS;2013-09-15;3;6;13
2013091506;MIA@IND;2013-09-15;3;7;10
2013091505;HOU@TEN;2013-09-15;3;8;5
2013091511;NYG@DEN;2013-09-15;3;22;14
2013091510;NO@TB;2013-09-15;4;-2;8
2013091507;KC@DAL;2013-09-15;4;0;1
2013091510;TB@NO;2013-09-15;4;0;10
2013091504;GB@WAS;2013-09-15;4;0;10
2013091507;KC@DAL;2013-09-15;4;0;10
2013091505;HOU@TEN;2013-09-15;4;0;12
2013091512;OAK@JAC;2013-09-15;4;0;2
2013091505;TEN@HOU;2013-09-15;4;0;2
2013091507;KC@DAL;2013-09-15;4;0;2
2013091501;BAL@CLE;2013-09-15;4;0;4
2013091505;HOU@TEN;2013-09-15;4;0;5
2013091506;MIA@IND;2013-09-15;4;0;5
2013091513;SEA@SF;2013-09-15;4;0;6
2013091511;DEN@NYG;2013-09-15;4;0;6
2013091512;JAC@OAK;2013-09-15;4;0;6
2013091509;ARI@DET;2013-09-15;4;0;6
2013091507;KC@DAL;2013-09-15;4;0;7
2013091501;CLE@BAL;2013-09-15;4;0;8
2013091507;KC@DAL;2013-09-15;4;0;9
2013091501;BAL@CLE;2013-09-15;4;1;14
2013091505;TEN@HOU;2013-09-15;4;1;4
2013091510;NO@TB;2013-09-15;4;2;12
2013091512;JAC@OAK;2013-09-15;4;3;13
2013091509;DET@ARI;2013-09-15;4;5;5
2013091507;DAL@KC;2013-09-15;4;6;9
2013091501;CLE@BAL;2013-09-15;4;21;13
2013091511;NYG@DEN;2013-09-15;4;81;11
2013091600;CIN@PIT;2013-09-16;1;0;8
2013091600;PIT@CIN;2013-09-16;1;6;14
2013091600;PIT@CIN;2013-09-16;1;14;1
2013091600;CIN@PIT;2013-09-16;1;40;13
2013091600;CIN@PIT;2013-09-16;2;-3;5
2013091600;CIN@PIT;2013-09-16;2;0;10
2013091600;PIT@CIN;2013-09-16;2;0;6
2013091600;PIT@CIN;2013-09-16;2;6;13
2013091600;CIN@PIT;2013-09-16;3;0;1
2013091600;CIN@PIT;2013-09-16;3;0;14
2013091600;PIT@CIN;2013-09-16;3;0;5
2013091600;PIT@CIN;2013-09-16;3;2;12
2013091600;CIN@PIT;2013-09-16;4;0;2
2013091600;PIT@CIN;2013-09-16;4;4;15
2013091900;KC@PHI;2013-09-19;1;0;15
2013091900;KC@PHI;2013-09-19;1;0;7
2013091900;PHI@KC;2013-09-19;1;0;9
2013091900;KC@PHI;2013-09-19;1;8;2
2013091900;PHI@KC;2013-09-19;2;0;2
2013091900;PHI@KC;2013-09-19;2;7;12
2013091900;KC@PHI;2013-09-19;3;0;6
2013091900;PHI@KC;2013-09-19;3;5;13
2013091900;KC@PHI;2013-09-19;3;6;10
2013092204;MIN@CLE;2013-09-22;1;-8;4
2013092212;SEA@JAC;2013-09-22;1;-3;14
2013092211;SF@IND;2013-09-22;1;0;10
2013092209;WAS@DET;2013-09-22;1;0;10
2013092210;CAR@NYG;2013-09-22;1;0;10
2013092210;NYG@CAR;2013-09-22;1;0;12
2013092202;STL@DAL;2013-09-22;1;0;13
2013092209;DET@WAS;2013-09-22;1;0;13
2013092210;NYG@CAR;2013-09-22;1;0;13
2013092206;NE@TB;2013-09-22;1;0;14
2013092202;STL@DAL;2013-09-22;1;0;15
2013092211;SF@IND;2013-09-22;1;0;2
2013092205;NYJ@BUF;2013-09-22;1;0;2
2013092208;SD@TEN;2013-09-22;1;0;3
2013092213;PIT@CHI;2013-09-22;1;0;5
2013092212;SEA@JAC;2013-09-22;1;0;5
2013092205;BUF@NYJ;2013-09-22;1;0;5
2013092201;GB@CIN;2013-09-22;1;0;5
2013092200;HOU@BAL;2013-09-22;1;0;5
2013092205;NYJ@BUF;2013-09-22;1;0;6
2013092201;CIN@GB;2013-09-22;1;0;6
2013092200;BAL@HOU;2013-09-22;1;0;6
2013092201;GB@CIN;2013-09-22;1;0;7
2013092204;MIN@CLE;2013-09-22;1;0;8
2013092208;TEN@SD;2013-09-22;1;0;8
2013092208;TEN@SD;2013-09-22;1;0;8
2013092211;IND@SF;2013-09-22;1;0;9
2013092212;JAC@SEA;2013-09-22;1;1;12
2013092202;STL@DAL;2013-09-22;1;1;6
2013092205;BUF@NYJ;2013-09-22;1;2;8
2013092204;CLE@MIN;2013-09-22;1;2;9
2013092202;STL@DAL;2013-09-22;1;3;1
2013092208;TEN@SD;2013-09-22;1;7;14
2013092203;MIA@ATL;2013-09-22;1;7;5
2013092212;JAC@SEA;2013-09-22;1;8;3
2013092209;WAS@DET;2013-09-22;1;9;4
2013092200;BAL@HOU;2013-09-22;1;11;3
2013092206;NE@TB;2013-09-22;1;12;1
2013092210;NYG@CAR;2013-09-22;1;12;9
2013092212;JAC@SEA;2013-09-22;1;13;8
2013092211;IND@SF;2013-09-22;1;14;4
2013092207;ARI@NO;2013-09-22;1;18;4
2013092213;CHI@PIT;2013-09-22;2;0;1
2013092211;IND@SF;2013-09-22;2;0;1
2013092202;DAL@STL;2013-09-22;2;0;1
2013092207;ARI@NO;2013-09-22;2;0;1
2013092207;ARI@NO;2013-09-22;2;0;10
2013092207;ARI@NO;2013-09-22;2;0;12
2013092212;JAC@SEA;2013-09-22;2;0;13
2013092201;GB@CIN;2013-09-22;2;0;13
2013092211;IND@SF;2013-09-22;2;0;14
2013092207;NO@ARI;2013-09-22;2;0;15
2013092210;NYG@CAR;2013-09-22;2;0;15
2013092213;PIT@CHI;2013-09-22;2;0;2
2013092205;NYJ@BUF;2013-09-22;2;0;2
2013092207;ARI@NO;2013-09-22;2;0;2
2013092204;MIN@CLE;2013-09-22;2;0;3
2013092210;NYG@CAR;2013-09-22;2;0;4
2013092213;CHI@PIT;2013-09-22;2;0;5
2013092212;JAC@SEA;2013-09-22;2;0;6
2013092201;CIN@GB;2013-09-22;2;0;6
2013092207;NO@ARI;2013-09-22;2;0;7
2013092213;PIT@CHI;2013-09-22;2;0;8
2013092202;STL@DAL;2013-09-22;2;0;8
2013092213;CHI@PIT;2013-09-22;2;4;11
2013092211;SF@IND;2013-09-22;2;4;5
2013092200;BAL@HOU;2013-09-22;2;7;12
2013092209;DET@WAS;2013-09-22;2;7;8
2013092207;NO@ARI;2013-09-22;2;8;2
2013092200;HOU@BAL;2013-09-22;2;11;10
2013092212;JAC@SEA;2013-09-22;2;11;13
2013092205;BUF@NYJ;2013-09-22;2;12;1
2013092211;SF@IND;2013-09-22;2;12;12
2013092202;STL@DAL;2013-09-22;2;12;2
2013092208;SD@TEN;2013-09-22;2;13;12
2013092207;ARI@NO;2013-09-22;2;28;6
2013092204;CLE@MIN;2013-09-22;2;34;9
2013092200;HOU@BAL;2013-09-22;2;82;2
2013092202;DAL@STL;2013-09-22;2;84;4
2013092213;CHI@PIT;2013-09-22;3;0;1
2013092205;BUF@NYJ;2013-09-22;3;0;1
2013092200;HOU@BAL;2013-09-22;3;0;1
2013092208;SD@TEN;2013-09-22;3;0;12
2013092211;SF@IND;2013-09-22;3;0;13
2013092205;BUF@NYJ;2013-09-22;3;0;14
2013092210;NYG@CAR;2013-09-22;3;0;2
2013092211;SF@IND;2013-09-22;3;0;4
2013092209;DET@WAS;2013-09-22;3;0;4
2013092212;JAC@SEA;2013-09-22;3;0;5
2013092203;ATL@MIA;2013-09-22;3;0;5
2013092204;MIN@CLE;2013-09-22;3;0;5
2013092200;BAL@HOU;2013-09-22;3;0;5
2013092212;SEA@JAC;2013-09-22;3;0;6
2013092203;ATL@MIA;2013-09-22;3;0;7
2013092201;CIN@GB;2013-09-22;3;0;8
2013092207;ARI@NO;2013-09-22;3;0;8
2013092209;WAS@DET;2013-09-22;3;0;8
2013092200;HOU@BAL;2013-09-22;3;0;8
2013092212;JAC@SEA;2013-09-22;3;0;9
2013092204;CLE@MIN;2013-09-22;3;0;9
2013092209;DET@WAS;2013-09-22;3;4;11
2013092213;CHI@PIT;2013-09-22;3;4;4
2013092209;WAS@DET;2013-09-22;3;9;2
2013092206;TB@NE;2013-09-22;3;13;14
2013092206;TB@NE;2013-09-22;3;16;9
2013092207;ARI@NO;2013-09-22;3;21;3
2013092204;MIN@CLE;2013-09-22;3;28;9
2013092205;NYJ@BUF;2013-09-22;4;0;1
2013092209;DET@WAS;2013-09-22;4;0;1
2013092208;SD@TEN;2013-09-22;4;0;11
2013092211;SF@IND;2013-09-22;4;0;12
2013092212;SEA@JAC;2013-09-22;4;0;13
2013092208;TEN@SD;2013-09-22;4;0;13
2013092202;DAL@STL;2013-09-22;4;0;15
2013092209;DET@WAS;2013-09-22;4;0;15
2013092213;CHI@PIT;2013-09-22;4;0;2
2013092209;DET@WAS;2013-09-22;4;0;2
2013092210;CAR@NYG;2013-09-22;4;0;2
2013092204;MIN@CLE;2013-09-22;4;0;4
2013092205;BUF@NYJ;2013-09-22;4;0;5
2013092204;CLE@MIN;2013-09-22;4;0;5
2013092205;NYJ@BUF;2013-09-22;4;0;7
2013092204;MIN@CLE;2013-09-22;4;0;8
2013092206;TB@NE;2013-09-22;4;0;8
2013092204;CLE@MIN;2013-09-22;4;0;9
2013092209;WAS@DET;2013-09-22;4;0;9
2013092205;NYJ@BUF;2013-09-22;4;1;3
2013092208;SD@TEN;2013-09-22;4;1;3
2013092205;NYJ@BUF;2013-09-22;4;3;14
2013092205;BUF@NYJ;2013-09-22;4;4;8
2013092202;DAL@STL;2013-09-22;4;10;5
2013092203;MIA@ATL;2013-09-22;4;13;11
2013092210;CAR@NYG;2013-09-22;4;15;15
2013092300;DEN@OAK;2013-09-23;1;0;7
2013092300;OAK@DEN;2013-09-23;1;0;9
2013092300;OAK@DEN;2013-09-23;1;8;5
2013092300;OAK@DEN;2013-09-23;1;20;15
2013092300;OAK@DEN;2013-09-23;2;0;13
2013092300;OAK@DEN;2013-09-23;2;0;2
2013092300;OAK@DEN;2013-09-23;3;6;7
2013092600;STL@SF;2013-09-26;1;0;12
2013092600;STL@SF;2013-09-26;1;0;2
2013092600;SF@STL;2013-09-26;1;13;5
2013092600;STL@SF;2013-09-26;2;0;1
2013092600;STL@SF;2013-09-26;2;0;10
2013092600;SF@STL;2013-09-26;2;0;15
2013092600;STL@SF;2013-09-26;3;0;14
2013092600;STL@SF;2013-09-26;3;0;2
2013092600;SF@STL;2013-09-26;3;0;6
2013092600;STL@SF;2013-09-26;3;0;8
2013092600;SF@STL;2013-09-26;3;14;3
2013092600;STL@SF;2013-09-26;3;21;5
2013092600;SF@STL;2013-09-26;4;-2;12
2013092600;STL@SF;2013-09-26;4;0;10
2013092600;STL@SF;2013-09-26;4;0;14
2013092600;SF@STL;2013-09-26;4;0;2
2013092600;STL@SF;2013-09-26;4;0;4
2013092600;SF@STL;2013-09-26;4;9;15
2013092906;MIN@PIT;2013-09-29;1;0;1
2013092907;ARI@TB;2013-09-29;1;0;1
2013092910;WAS@OAK;2013-09-29;1;0;11
2013092908;NYJ@TEN;2013-09-29;1;0;11
2013092907;TB@ARI;2013-09-29;1;0;11
2013092911;SD@DAL;2013-09-29;1;0;12
2013092910;OAK@WAS;2013-09-29;1;0;12
2013092911;DAL@SD;2013-09-29;1;0;14
2013092909;PHI@DEN;2013-09-29;1;0;15
2013092906;PIT@MIN;2013-09-29;1;0;2
2013092907;TB@ARI;2013-09-29;1;0;2
2013092900;BAL@BUF;2013-09-29;1;0;2
2013092911;SD@DAL;2013-09-29;1;0;3
2013092903;SEA@HOU;2013-09-29;1;0;3
2013092906;MIN@PIT;2013-09-29;1;0;3
2013092904;JAC@IND;2013-09-29;1;0;4
2013092912;ATL@NE;2013-09-29;1;0;5
2013092911;DAL@SD;2013-09-29;1;0;6
2013092905;NYG@KC;2013-09-29;1;0;6
2013092912;NE@ATL;2013-09-29;1;0;7
2013092904;IND@JAC;2013-09-29;1;0;7
2013092910;WAS@OAK;2013-09-29;1;0;9
2013092901;CIN@CLE;2013-09-29;1;0;9
2013092905;NYG@KC;2013-09-29;1;0;9
2013092904;JAC@IND;2013-09-29;1;7;4
2013092900;BAL@BUF;2013-09-29;1;8;12
2013092910;WAS@OAK;2013-09-29;1;9;14
2013092904;IND@JAC;2013-09-29;1;10;13
2013092901;CLE@CIN;2013-09-29;1;10;14
2013092907;ARI@TB;2013-09-29;1;10;5
2013092905;NYG@KC;2013-09-29;1;11;11
2013092902;DET@CHI;2013-09-29;1;11;13
2013092911;DAL@SD;2013-09-29;1;12;11
2013092903;HOU@SEA;2013-09-29;1;12;13
2013092907;ARI@TB;2013-09-29;1;12;14
2013092905;KC@NYG;2013-09-29;1;43;13
2013092906;PIT@MIN;2013-09-29;1;68;10
2013092900;BUF@BAL;2013-09-29;2;-1;12
2013092909;DEN@PHI;2013-09-29;2;0;1
2013092904;JAC@IND;2013-09-29;2;0;1
2013092907;ARI@TB;2013-09-29;2;0;1
2013092905;KC@NYG;2013-09-29;2;0;10
2013092903;SEA@HOU;2013-09-29;2;0;12
2013092907;TB@ARI;2013-09-29;2;0;12
2013092906;PIT@MIN;2013-09-29;2;0;14
2013092910;WAS@OAK;2013-09-29;2;0;2
2013092908;TEN@NYJ;2013-09-29;2;0;2
2013092902;CHI@DET;2013-09-29;2;0;2
2013092903;SEA@HOU;2013-09-29;2;0;2
2013092900;BUF@BAL;2013-09-29;2;0;2
2013092909;PHI@DEN;2013-09-29;2;0;3
2013092901;CIN@CLE;2013-09-29;2;0;3
2013092902;CHI@DET;2013-09-29;2;0;4
2013092900;BUF@BAL;2013-09-29;2;0;5
2013092904;JAC@IND;2013-09-29;2;0;6
2013092907;ARI@TB;2013-09-29;2;0;6
2013092907;TB@ARI;2013-09-29;2;0;6
2013092910;OAK@WAS;2013-09-29;2;0;8
2013092907;ARI@TB;2013-09-29;2;0;9
2013092908;TEN@NYJ;2013-09-29;2;5;14
2013092901;CLE@CIN;2013-09-29;2;5;4
2013092900;BUF@BAL;2013-09-29;2;5;5
2013092900;BAL@BUF;2013-09-29;2;6;4
2013092905;NYG@KC;2013-09-29;2;8;4
2013092904;JAC@IND;2013-09-29;2;9;10
2013092900;BAL@BUF;2013-09-29;2;9;11
2013092910;OAK@WAS;2013-09-29;2;11;2
2013092900;BAL@BUF;2013-09-29;2;11;7
2013092910;OAK@WAS;2013-09-29;2;19;10
2013092909;DEN@PHI;2013-09-29;2;21;14
2013092911;SD@DAL;2013-09-29;2;38;10
2013092902;CHI@DET;2013-09-29;2;57;9
2013092910;OAK@WAS;2013-09-29;3;0;1
2013092903;HOU@SEA;2013-09-29;3;0;1
2013092905;NYG@KC;2013-09-29;3;0;1
2013092900;BAL@BUF;2013-09-29;3;0;1
2013092901;CLE@CIN;2013-09-29;3;0;10
2013092910;OAK@WAS;2013-09-29;3;0;11
2013092905;NYG@KC;2013-09-29;3;0;11
2013092912;ATL@NE;2013-09-29;3;0;12
2013092908;NYJ@TEN;2013-09-29;3;0;12
2013092902;DET@CHI;2013-09-29;3;0;12
2013092902;CHI@DET;2013-09-29;3;0;13
2013092907;TB@ARI;2013-09-29;3;0;13
2013092900;BAL@BUF;2013-09-29;3;0;13
2013092900;BUF@BAL;2013-09-29;3;0;14
2013092900;BUF@BAL;2013-09-29;3;0;14
2013092910;OAK@WAS;2013-09-29;3;0;15
2013092905;NYG@KC;2013-09-29;3;0;15
2013092912;ATL@NE;2013-09-29;3;0;3
2013092908;TEN@NYJ;2013-09-29;3;0;3
2013092906;PIT@MIN;2013-09-29;3;0;4
2013092907;TB@ARI;2013-09-29;3;0;4
2013092909;PHI@DEN;2013-09-29;3;0;5
2013092908;TEN@NYJ;2013-09-29;3;0;6
2013092903;SEA@HOU;2013-09-29;3;0;6
2013092911;DAL@SD;2013-09-29;3;0;7
2013092909;PHI@DEN;2013-09-29;3;0;9
2013092908;TEN@NYJ;2013-09-29;3;0;9
2013092903;HOU@SEA;2013-09-29;3;0;9
2013092900;BUF@BAL;2013-09-29;3;0;9
2013092903;SEA@HOU;2013-09-29;3;1;13
2013092904;JAC@IND;2013-09-29;3;1;14
2013092908;NYJ@TEN;2013-09-29;3;1;4
2013092904;JAC@IND;2013-09-29;3;2;11
2013092908;TEN@NYJ;2013-09-29;3;2;13
2013092912;NE@ATL;2013-09-29;3;6;14
2013092902;DET@CHI;2013-09-29;3;6;7
2013092901;CIN@CLE;2013-09-29;3;7;9
2013092910;WAS@OAK;2013-09-29;3;9;13
2013092906;MIN@PIT;2013-09-29;3;10;2
2013092900;BUF@BAL;2013-09-29;3;10;7
2013092905;KC@NYG;2013-09-29;3;11;4
2013092905;KC@NYG;2013-09-29;3;11;8
2013092905;NYG@KC;2013-09-29;3;13;5
2013092908;NYJ@TEN;2013-09-29;3;35;8
2013092905;NYG@KC;2013-09-29;3;89;2
2013092910;WAS@OAK;2013-09-29;4;0;1
2013092903;HOU@SEA;2013-09-29;4;0;1
2013092911;DAL@SD;2013-09-29;4;0;11
2013092910;OAK@WAS;2013-09-29;4;0;12
2013092908;TEN@NYJ;2013-09-29;4;0;12
2013092901;CIN@CLE;2013-09-29;4;0;12
2013092910;WAS@OAK;2013-09-29;4;0;14
2013092902;CHI@DET;2013-09-29;4;0;14
2013092901;CLE@CIN;2013-09-29;4;0;15
2013092911;SD@DAL;2013-09-29;4;0;2
2013092906;MIN@PIT;2013-09-29;4;0;2
2013092901;CLE@CIN;2013-09-29;4;0;3
2013092908;NYJ@TEN;2013-09-29;4;0;4
2013092901;CLE@CIN;2013-09-29;4;0;4
2013092907;ARI@TB;2013-09-29;4;0;5
2013092904;IND@JAC;2013-09-29;4;0;6
2013092900;BUF@BAL;2013-09-29;4;0;6
2013092907;TB@ARI;2013-09-29;4;0;7
2013092907;TB@ARI;2013-09-29;4;0;8
2013092907;TB@ARI;2013-09-29;4;5;3
2013092910;WAS@OAK;2013-09-29;4;6;11
2013092903;HOU@SEA;2013-09-29;4;16;7
2013092909;PHI@DEN;2013-09-29;4;17;15
2013092900;BUF@BAL;2013-09-29;4;17;3
2013092907;TB@ARI;2013-09-29;4;22;10
2013092903;SEA@HOU;2013-09-29;5;0;11
2013092903;HOU@SEA;2013-09-29;5;0;13
2013092903;HOU@SEA;2013-09-29;5;2;8
2013092903;HOU@SEA;2013-09-29;5;32;8
2013093000;MIA@NO;2013-09-30;1;0;5
2013093000;NO@MIA;2013-09-30;1;0;7
2013093000;NO@MIA;2013-09-30;2;0;15
2013093000;NO@MIA;2013-09-30;2;5;3
2013093000;MIA@NO;2013-09-30;3;9;9
2013093000;MIA@NO;2013-09-30;3;17;6
2013093000;MIA@NO;2013-09-30;3;18;15
2013100300;CLE@BUF;2013-10-03;1;0;11
2013100300;CLE@BUF;2013-10-03;1;0;4
2013100300;CLE@BUF;2013-10-03;1;25;15
2013100300;BUF@CLE;2013-10-03;1;57;2
2013100300;BUF@CLE;2013-10-03;2;0;1
2013100300;BUF@CLE;2013-10-03;2;6;12
2013100300;BUF@CLE;2013-10-03;2;13;1
2013100300;BUF@CLE;2013-10-03;2;79;3
2013100300;CLE@BUF;2013-10-03;3;0;4
2013100300;BUF@CLE;2013-10-03;3;0;5
2013100300;BUF@CLE;2013-10-03;3;6;3
2013100300;CLE@BUF;2013-10-03;3;9;12
2013100300;CLE@BUF;2013-10-03;4;0;9
2013100300;BUF@CLE;2013-10-03;4;5;12
2013100300;BUF@CLE;2013-10-03;4;13;8
2013100605;PHI@NYG;2013-10-06;1;0;1
2013100604;BAL@MIA;2013-10-06;1;0;1
2013100610;SD@OAK;2013-10-06;1;0;10
2013100602;DET@GB;2013-10-06;1;0;10
2013100607;KC@TEN;2013-10-06;1;0;12
2013100600;CHI@NO;2013-10-06;1;0;14
2013100603;IND@SEA;2013-10-06;1;0;15
2013100605;NYG@PHI;2013-10-06;1;0;2
2013100600;CHI@NO;2013-10-06;1;0;3
2013100603;SEA@IND;2013-10-06;1;0;3
2013100608;ARI@CAR;2013-10-06;1;0;5
2013100601;NE@CIN;2013-10-06;1;0;5
2013100606;JAC@STL;2013-10-06;1;0;6
2013100604;MIA@BAL;2013-10-06;1;0;6
2013100603;IND@SEA;2013-10-06;1;0;6
2013100606;STL@JAC;2013-10-06;1;0;8
2013100607;KC@TEN;2013-10-06;1;0;8
2013100604;BAL@MIA;2013-10-06;1;0;8
2013100601;CIN@NE;2013-10-06;1;0;8
2013100606;STL@JAC;2013-10-06;1;1;5
2013100601;NE@CIN;2013-10-06;1;3;14
2013100607;TEN@KC;2013-10-06;1;4;3
2013100607;KC@TEN;2013-10-06;1;4;3
2013100602;DET@GB;2013-10-06;1;5;1
2013100607;TEN@KC;2013-10-06;1;6;11
2013100604;MIA@BAL;2013-10-06;1;8;10
2013100605;PHI@NYG;2013-10-06;1;8;15
2013100607;TEN@KC;2013-10-06;1;9;6
2013100601;NE@CIN;2013-10-06;1;10;10
2013100601;CIN@NE;2013-10-06;1;10;11
2013100603;IND@SEA;2013-10-06;1;14;11
2013100604;MIA@BAL;2013-10-06;1;16;14
2013100606;JAC@STL;2013-10-06;1;23;15
2013100606;STL@JAC;2013-10-06;1;88;13
2013100610;OAK@SD;2013-10-06;2;0;1
2013100601;CIN@NE;2013-10-06;2;0;1
2013100605;NYG@PHI;2013-10-06;2;0;10
2013100602;DET@GB;2013-10-06;2;0;10
2013100602;DET@GB;2013-10-06;2;0;10
2013100601;CIN@NE;2013-10-06;2;0;10
2013100607;TEN@KC;2013-10-06;2;0;11
2013100608;CAR@ARI;2013-10-06;2;0;12
2013100611;HOU@SF;2013-10-06;2;0;13
2013100600;CHI@NO;2013-10-06;2;0;14
2013100608;CAR@ARI;2013-10-06;2;0;15
2013100600;NO@CHI;2013-10-06;2;0;15
2013100604;MIA@BAL;2013-10-06;2;0;15
2013100610;SD@OAK;2013-10-06;2;0;2
2013100608;ARI@CAR;2013-10-06;2;0;2
2013100605;NYG@PHI;2013-10-06;2;0;2
2013100601;NE@CIN;2013-10-06;2;0;2
2013100604;BAL@MIA;2013-10-06;2;0;3
2013100602;GB@DET;2013-10-06;2;0;4
2013100604;MIA@BAL;2013-10-06;2;0;5
2013100610;OAK@SD;2013-10-06;2;0;6
2013100606;STL@JAC;2013-10-06;2;0;9
2013100607;KC@TEN;2013-10-06;2;1;10
2013100600;CHI@NO;2013-10-06;2;2;10
2013100608;ARI@CAR;2013-10-06;2;6;13
2013100605;NYG@PHI;2013-10-06;2;6;15
2013100601;NE@CIN;2013-10-06;2;7;12
2013100611;SF@HOU;2013-10-06;2;8;1
2013100611;SF@HOU;2013-10-06;2;9;11
2013100609;DAL@DEN;2013-10-06;2;9;4
2013100606;JAC@STL;2013-10-06;2;9;6
2013100607;TEN@KC;2013-10-06;2;10;14
2013100606;JAC@STL;2013-10-06;2;11;10
2013100604;BAL@MIA;2013-10-06;2;11;7
2013100600;NO@CHI;2013-10-06;2;17;12
2013100611;HOU@SF;2013-10-06;2;22;2
2013100600;NO@CHI;2013-10-06;3;0;1
2013100605;PHI@NYG;2013-10-06;3;0;11
2013100610;OAK@SD;2013-10-06;3;0;13
2013100602;GB@DET;2013-10-06;3;0;13
2013100601;NE@CIN;2013-10-06;3;0;13
2013100605;NYG@PHI;2013-10-06;3;0;14
2013100611;SF@HOU;2013-10-06;3;0;15
2013100606;STL@JAC;2013-10-06;3;0;15
2013100604;MIA@BAL;2013-10-06;3;0;3
2013100601;NE@CIN;2013-10-06;3;0;3
2013100610;OAK@SD;2013-10-06;3;0;4
2013100606;STL@JAC;2013-10-06;3;0;6
2013100605;PHI@NYG;2013-10-06;3;0;6
2013100602;DET@GB;2013-10-06;3;2;5
2013100611;SF@HOU;2013-10-06;3;3;11
2013100606;STL@JAC;2013-10-06;3;4;10
2013100611;HOU@SF;2013-10-06;3;6;9
2013100602;DET@GB;2013-10-06;3;7;8
2013100608;CAR@ARI;2013-10-06;3;10;12
2013100607;KC@TEN;2013-10-06;3;13;12
2013100604;MIA@BAL;2013-10-06;3;16;11
2013100601;CIN@NE;2013-10-06;3;24;15
2013100606;JAC@STL;2013-10-06;3;49;8
2013100600;NO@CHI;2013-10-06;4;0;1
2013100602;GB@DET;2013-10-06;4;0;1
2013100607;KC@TEN;2013-10-06;4;0;13
2013100608;ARI@CAR;2013-10-06;4;0;14
2013100605;PHI@NYG;2013-10-06;4;0;14
2013100605;PHI@NYG;2013-10-06;4;0;14
2013100605;NYG@PHI;2013-10-06;4;0;15
2013100602;DET@GB;2013-10-06;4;0;15
2013100610;OAK@SD;2013-10-06;4;0;2
2013100601;NE@CIN;2013-10-06;4;0;3
2013100605;PHI@NYG;2013-10-06;4;0;5
2013100605;PHI@NYG;2013-10-06;4;0;5
2013100604;BAL@MIA;2013-10-06;4;0;6
2013100603;SEA@IND;2013-10-06;4;0;7
2013100601;CIN@NE;2013-10-06;4;9;2
2013100608;CAR@ARI;2013-10-06;4;10;11
2013100604;MIA@BAL;2013-10-06;4;10;5
2013100605;NYG@PHI;2013-10-06;4;18;3
2013100607;TEN@KC;2013-10-06;4;20;12
2013100610;OAK@SD;2013-10-06;4;21;13
2013100700;ATL@NYJ;2013-10-07;1;-8;12
2013100700;ATL@NYJ;2013-10-07;2;5;10
2013100700;NYJ@ATL;2013-10-07;3;0;6
2013100700;NYJ@ATL;2013-10-07;3;15;14
2013100700;NYJ@ATL;2013-10-07;4;7;6
2013100700;ATL@NYJ;2013-10-07;4;24;15
2013101000;NYG@CHI;2013-10-10;2;0;4
2013101000;CHI@NYG;2013-10-10;3;0;6
2013101000;CHI@NYG;2013-10-10;4;0;10
2013101000;CHI@NYG;2013-10-10;4;0;6
2013101000;NYG@CHI;2013-10-10;4;0;8
2013101310;NO@NE;2013-10-13;1;-3;10
2013101309;SEA@TEN;2013-10-13;1;0;1
2013101304;OAK@KC;2013-10-13;1;0;10
2013101309;SEA@TEN;2013-10-13;1;0;11
2013101302;DET@CLE;2013-10-13;1;0;11
2013101306;NYJ@PIT;2013-10-13;1;0;11
2013101307;TB@PHI;2013-10-13;1;0;11
2013101304;KC@OAK;2013-10-13;1;0;12
2013101311;ARI@SF;2013-10-13;1;0;13
2013101303;STL@HOU;2013-10-13;1;0;13
2013101304;KC@OAK;2013-10-13;1;0;2
2013101307;TB@PHI;2013-10-13;1;0;2
2013101309;SEA@TEN;2013-10-13;1;0;4
2013101300;GB@BAL;2013-10-13;1;0;4
2013101304;OAK@KC;2013-10-13;1;0;6
2013101300;BAL@GB;2013-10-13;1;0;6
2013101311;ARI@SF;2013-10-13;1;0;9
2013101308;JAC@DEN;2013-10-13;1;0;9
2013101303;HOU@STL;2013-10-13;1;0;9
2013101304;KC@OAK;2013-10-13;1;0;9
2013101300;GB@BAL;2013-10-13;1;0;9
2013101308;JAC@DEN;2013-10-13;1;1;15
2013101305;MIN@CAR;2013-10-13;1;2;1
2013101300;BAL@GB;2013-10-13;1;2;12
2013101302;DET@CLE;2013-10-13;1;2;2
2013101310;NE@NO;2013-10-13;1;3;8
2013101309;TEN@SEA;2013-10-13;1;4;13
2013101311;SF@ARI;2013-10-13;1;4;8
2013101307;PHI@TB;2013-10-13;1;5;4
2013101302;CLE@DET;2013-10-13;1;7;3
2013101300;BAL@GB;2013-10-13;1;7;3
2013101302;CLE@DET;2013-10-13;1;7;8
2013101306;PIT@NYJ;2013-10-13;1;9;14
2013101306;PIT@NYJ;2013-10-13;1;13;10
2013101311;SF@ARI;2013-10-13;1;18;12
2013101307;PHI@TB;2013-10-13;1;40;1
2013101302;DET@CLE;2013-10-13;2;-9;13
2013101302;DET@CLE;2013-10-13;2;-3;1
2013101311;ARI@SF;2013-10-13;2;0;1
2013101301;BUF@CIN;2013-10-13;2;0;1
2013101307;PHI@TB;2013-10-13;2;0;1
2013101312;WAS@DAL;2013-10-13;2;0;10
2013101300;BAL@GB;2013-10-13;2;0;10
2013101308;JAC@DEN;2013-10-13;2;0;11
2013101306;NYJ@PIT;2013-10-13;2;0;11
2013101300;GB@BAL;2013-10-13;2;0;11
2013101308;DEN@JAC;2013-10-13;2;0;13
2013101304;KC@OAK;2013-10-13;2;0;13
2013101304;OAK@KC;2013-10-13;2;0;13
2013101307;PHI@TB;2013-10-13;2;0;13
2013101305;CAR@MIN;2013-10-13;2;0;14
2013101300;BAL@GB;2013-10-13;2;0;14
2013101310;NO@NE;2013-10-13;2;0;2
2013101300;GB@BAL;2013-10-13;2;0;2
2013101312;WAS@DAL;2013-10-13;2;0;3
2013101311;ARI@SF;2013-10-13;2;0;3
2013101300;BAL@GB;2013-10-13;2;0;4
2013101306;NYJ@PIT;2013-10-13;2;0;5
2013101300;GB@BAL;2013-10-13;2;0;5
2013101311;SF@ARI;2013-10-13;2;0;6
2013101310;NO@NE;2013-10-13;2;0;7
2013101302;DET@CLE;2013-10-13;2;0;7
2013101308;DEN@JAC;2013-10-13;2;5;5
2013101307;TB@PHI;2013-10-13;2;7;11
2013101311;ARI@SF;2013-10-13;2;7;2
2013101304;KC@OAK;2013-10-13;2;7;7
2013101304;OAK@KC;2013-10-13;2;9;1
2013101305;MIN@CAR;2013-10-13;2;9;11
2013101310;NE@NO;2013-10-13;2;9;5
2013101312;DAL@WAS;2013-10-13;2;9;7
2013101309;TEN@SEA;2013-10-13;2;11;10
2013101310;NO@NE;2013-10-13;2;11;13
2013101304;OAK@KC;2013-10-13;2;11;3
2013101300;BAL@GB;2013-10-13;2;23;2
2013101300;GB@BAL;2013-10-13;2;38;15
2013101312;WAS@DAL;2013-10-13;2;86;3
2013101309;TEN@SEA;2013-10-13;3;0;1
2013101309;TEN@SEA;2013-10-13;3;0;1
2013101310;NE@NO;2013-10-13;3;0;11
2013101309;TEN@SEA;2013-10-13;3;0;12
2013101311;SF@ARI;2013-10-13;3;0;13
2013101302;CLE@DET;2013-10-13;3;0;14
2013101303;HOU@STL;2013-10-13;3;0;14
2013101306;NYJ@PIT;2013-10-13;3;0;15
2013101307;PHI@TB;2013-10-13;3;0;4
2013101312;DAL@WAS;2013-10-13;3;0;5
2013101311;SF@ARI;2013-10-13;3;0;6
2013101306;PIT@NYJ;2013-10-13;3;0;6
2013101307;TB@PHI;2013-10-13;3;0;7
2013101304;OAK@KC;2013-10-13;3;1;1
2013101308;JAC@DEN;2013-10-13;3;1;3
2013101304;OAK@KC;2013-10-13;3;4;13
2013101312;DAL@WAS;2013-10-13;3;6;3
2013101306;NYJ@PIT;2013-10-13;3;6;5
2013101301;BUF@CIN;2013-10-13;3;10;10
2013101305;MIN@CAR;2013-10-13;3;11;13
2013101306;NYJ@PIT;2013-10-13;3;11;15
2013101302;CLE@DET;2013-10-13;3;11;8
2013101310;NO@NE;2013-10-13;3;12;1
2013101300;BAL@GB;2013-10-13;3;16;10
2013101300;BAL@GB;2013-10-13;3;20;14
2013101312;WAS@DAL;2013-10-13;3;23;6
2013101308;DEN@JAC;2013-10-13;3;35;1
2013101308;DEN@JAC;2013-10-13;4;-3;2
2013101312;DAL@WAS;2013-10-13;4;-2;4
2013101301;CIN@BUF;2013-10-13;4;0;1
2013101306;PIT@NYJ;2013-10-13;4;0;1
2013101304;KC@OAK;2013-10-13;4;0;11
2013101306;NYJ@PIT;2013-10-13;4;0;11
2013101305;CAR@MIN;2013-10-13;4;0;14
2013101301;BUF@CIN;2013-10-13;4;0;15
2013101311;SF@ARI;2013-10-13;4;0;2
2013101310;NO@NE;2013-10-13;4;0;2
2013101306;PIT@NYJ;2013-10-13;4;0;2
2013101301;CIN@BUF;2013-10-13;4;0;3
2013101305;CAR@MIN;2013-10-13;4;0;4
2013101304;KC@OAK;2013-10-13;4;0;5
2013101304;OAK@KC;2013-10-13;4;0;6
2013101301;BUF@CIN;2013-10-13;4;0;7
2013101305;MIN@CAR;2013-10-13;4;0;7
2013101306;NYJ@PIT;2013-10-13;4;0;8
2013101302;CLE@DET;2013-10-13;4;2;10
2013101302;CLE@DET;2013-10-13;4;2;15
2013101303;STL@HOU;2013-10-13;4;2;2
2013101301;CIN@BUF;2013-10-13;4;3;13
2013101312;DAL@WAS;2013-10-13;4;4;1
2013101303;STL@HOU;2013-10-13;4;4;10
2013101304;KC@OAK;2013-10-13;4;5;15
2013101304;OAK@KC;2013-10-13;4;7;13
2013101301;CIN@BUF;2013-10-13;4;7;8
2013101310;NE@NO;2013-10-13;4;8;14
2013101307;TB@PHI;2013-10-13;4;8;9
2013101306;PIT@NYJ;2013-10-13;4;11;5
2013101306;PIT@NYJ;2013-10-13;4;12;9
2013101301;CIN@BUF;2013-10-13;5;0;11
2013101301;BUF@CIN;2013-10-13;5;29;10
2013101400;IND@SD;2013-10-14;1;0;4
2013101400;SD@IND;2013-10-14;1;0;6
2013101400;IND@SD;2013-10-14;1;0;9
2013101400;SD@IND;2013-10-14;1;5;11
2013101400;IND@SD;2013-10-14;2;0;10
2013101400;IND@SD;2013-10-14;3;0;5
2013101400;IND@SD;2013-10-14;4;0;4
2013101400;SD@IND;2013-10-14;4;5;5
2013101700;ARI@SEA;2013-10-17;1;15;10
2013101700;ARI@SEA;2013-10-17;2;54;13
2013101700;SEA@ARI;2013-10-17;3;0;14
2013101700;ARI@SEA;2013-10-17;3;0;2
2013101700;ARI@SEA;2013-10-17;4;-6;10
2013101700;SEA@ARI;2013-10-17;4;0;5
2013101700;SEA@ARI;2013-10-17;4;0;9
2013102001;STL@CAR;2013-10-20;1;-1;14
2013102009;CHI@WAS;2013-10-20;1;0;10
2013102000;TB@ATL;2013-10-20;1;0;10
2013102012;DEN@IND;2013-10-20;1;0;12
2013102012;DEN@IND;2013-10-20;1;0;12
2013102003;CLE@GB;2013-10-20;1;0;12
2013102001;CAR@STL;2013-10-20;1;0;12
2013102008;DAL@PHI;2013-10-20;1;0;12
2013102010;TEN@SF;2013-10-20;1;0;13
2013102006;MIA@BUF;2013-10-20;1;0;13
2013102012;IND@DEN;2013-10-20;1;0;14
2013102005;KC@HOU;2013-10-20;1;0;14
2013102003;CLE@GB;2013-10-20;1;0;2
2013102008;DAL@PHI;2013-10-20;1;0;2
2013102010;TEN@SF;2013-10-20;1;0;3
2013102002;CIN@DET;2013-10-20;1;0;3
2013102000;TB@ATL;2013-10-20;1;0;3
2013102008;PHI@DAL;2013-10-20;1;0;4
2013102004;JAC@SD;2013-10-20;1;0;5
2013102008;DAL@PHI;2013-10-20;1;0;5
2013102000;ATL@TB;2013-10-20;1;0;7
2013102006;MIA@BUF;2013-10-20;1;0;9
2013102008;PHI@DAL;2013-10-20;1;0;9
2013102006;BUF@MIA;2013-10-20;1;4;10
2013102008;PHI@DAL;2013-10-20;1;6;14
2013102009;WAS@CHI;2013-10-20;1;7;9
2013102002;DET@CIN;2013-10-20;1;8;13
2013102012;DEN@IND;2013-10-20;1;11;4
2013102012;IND@DEN;2013-10-20;1;12;10
2013102011;PIT@BAL;2013-10-20;1;12;13
2013102000;ATL@TB;2013-10-20;1;13;14
2013102006;MIA@BUF;2013-10-20;1;14;9
2013102011;BAL@PIT;2013-10-20;1;18;12
2013102010;TEN@SF;2013-10-20;1;20;2
2013102010;SF@TEN;2013-10-20;2;-1;15
2013102001;STL@CAR;2013-10-20;2;0;1
2013102007;NE@NYJ;2013-10-20;2;0;1
2013102012;IND@DEN;2013-10-20;2;0;10
2013102006;BUF@MIA;2013-10-20;2;0;10
2013102007;NE@NYJ;2013-10-20;2;0;10
2013102009;WAS@CHI;2013-10-20;2;0;11
2013102003;GB@CLE;2013-10-20;2;0;12
2013102010;TEN@SF;2013-10-20;2;0;12
2013102008;PHI@DAL;2013-10-20;2;0;12
2013102009;CHI@WAS;2013-10-20;2;0;12
2013102008;DAL@PHI;2013-10-20;2;0;14
2013102006;BUF@MIA;2013-10-20;2;0;2
2013102006;MIA@BUF;2013-10-20;2;0;2
2013102008;DAL@PHI;2013-10-20;2;0;2
2013102007;NE@NYJ;2013-10-20;2;0;4
2013102012;IND@DEN;2013-10-20;2;0;5
2013102011;BAL@PIT;2013-10-20;2;0;5
2013102011;BAL@PIT;2013-10-20;2;0;5
2013102007;NYJ@NE;2013-10-20;2;0;5
2013102012;DEN@IND;2013-10-20;2;0;6
2013102000;TB@ATL;2013-10-20;2;0;6
2013102005;HOU@KC;2013-10-20;2;0;8
2013102006;MIA@BUF;2013-10-20;2;0;9
2013102008;DAL@PHI;2013-10-20;2;0;9
2013102009;CHI@WAS;2013-10-20;2;0;9
2013102008;PHI@DAL;2013-10-20;2;1;15
2013102005;KC@HOU;2013-10-20;2;6;14
2013102006;BUF@MIA;2013-10-20;2;7;15
2013102008;PHI@DAL;2013-10-20;2;7;2
2013102012;DEN@IND;2013-10-20;2;9;2
2013102008;PHI@DAL;2013-10-20;2;9;8
2013102012;IND@DEN;2013-10-20;2;17;10
2013102007;NYJ@NE;2013-10-20;2;29;2
2013102007;NYJ@NE;2013-10-20;2;38;9
2013102009;WAS@CHI;2013-10-20;2;81;7
2013102007;NYJ@NE;2013-10-20;3;0;10
2013102012;DEN@IND;2013-10-20;3;0;12
2013102011;BAL@PIT;2013-10-20;3;0;12
2013102012;IND@DEN;2013-10-20;3;0;13
2013102012;DEN@IND;2013-10-20;3;0;14
2013102004;JAC@SD;2013-10-20;3;0;14
2013102006;BUF@MIA;2013-10-20;3;0;14
2013102003;GB@CLE;2013-10-20;3;0;2
2013102003;GB@CLE;2013-10-20;3;0;2
2013102010;SF@TEN;2013-10-20;3;0;2
2013102002;DET@CIN;2013-10-20;3;0;3
2013102000;TB@ATL;2013-10-20;3;0;4
2013102010;SF@TEN;2013-10-20;3;0;5
2013102010;TEN@SF;2013-10-20;3;0;6
2013102003;GB@CLE;2013-10-20;3;0;7
2013102008;PHI@DAL;2013-10-20;3;0;7
2013102008;DAL@PHI;2013-10-20;3;0;7
2013102000;ATL@TB;2013-10-20;3;0;8
2013102012;IND@DEN;2013-10-20;3;0;9
2013102012;IND@DEN;2013-10-20;3;0;9
2013102003;CLE@GB;2013-10-20;3;0;9
2013102008;PHI@DAL;2013-10-20;3;0;9
2013102009;WAS@CHI;2013-10-20;3;0;9
2013102005;HOU@KC;2013-10-20;3;5;13
2013102007;NE@NYJ;2013-10-20;3;8;9
2013102010;TEN@SF;2013-10-20;3;14;4
2013102007;NE@NYJ;2013-10-20;3;15;13
2013102012;DEN@IND;2013-10-20;3;15;7
2013102007;NE@NYJ;2013-10-20;3;21;4
2013102003;GB@CLE;2013-10-20;4;0;1
2013102002;DET@CIN;2013-10-20;4;0;1
2013102005;KC@HOU;2013-10-20;4;0;10
2013102010;TEN@SF;2013-10-20;4;0;10
2013102010;SF@TEN;2013-10-20;4;0;11
2013102004;SD@JAC;2013-10-20;4;0;11
2013102006;BUF@MIA;2013-10-20;4;0;11
2013102006;MIA@BUF;2013-10-20;4;0;14
2013102002;CIN@DET;2013-10-20;4;0;15
2013102001;STL@CAR;2013-10-20;4;0;15
2013102012;IND@DEN;2013-10-20;4;0;2
2013102012;IND@DEN;2013-10-20;4;0;2
2013102005;KC@HOU;2013-10-20;4;0;2
2013102002;CIN@DET;2013-10-20;4;0;2
2013102007;NYJ@NE;2013-10-20;4;0;3
2013102006;BUF@MIA;2013-10-20;4;0;4
2013102001;STL@CAR;2013-10-20;4;0;5
2013102004;SD@JAC;2013-10-20;4;0;5
2013102006;MIA@BUF;2013-10-20;4;0;6
2013102008;DAL@PHI;2013-10-20;4;0;6
2013102010;SF@TEN;2013-10-20;4;0;7
2013102002;DET@CIN;2013-10-20;4;0;7
2013102004;SD@JAC;2013-10-20;4;0;7
2013102007;NE@NYJ;2013-10-20;4;0;7
2013102012;IND@DEN;2013-10-20;4;0;8
2013102010;SF@TEN;2013-10-20;4;0;8
2013102002;CIN@DET;2013-10-20;4;1;11
2013102005;HOU@KC;2013-10-20;4;1;5
2013102009;WAS@CHI;2013-10-20;4;4;7
2013102008;DAL@PHI;2013-10-20;4;5;4
2013102001;CAR@STL;2013-10-20;4;6;3
2013102004;JAC@SD;2013-10-20;4;11;13
2013102012;IND@DEN;2013-10-20;4;11;2
2013102007;NYJ@NE;2013-10-20;4;12;9
2013102000;ATL@TB;2013-10-20;4;14;5
2013102001;CAR@STL;2013-10-20;4;20;8
2013102005;HOU@KC;2013-10-20;4;24;12
2013102005;HOU@KC;2013-10-20;4;26;8
2013102007;NE@NYJ;2013-10-20;5;0;15
2013102100;MIN@NYG;2013-10-21;1;13;4
2013102100;NYG@MIN;2013-10-21;1;86;1
2013102100;NYG@MIN;2013-10-21;2;0;1
2013102100;MIN@NYG;2013-10-21;2;0;14
2013102100;NYG@MIN;2013-10-21;2;0;15
2013102100;MIN@NYG;2013-10-21;2;0;2
2013102100;NYG@MIN;2013-10-21;2;0;3
2013102100;NYG@MIN;2013-10-21;2;0;6
2013102100;MIN@NYG;2013-10-21;2;1;4
2013102100;MIN@NYG;2013-10-21;3;0;11
2013102100;MIN@NYG;2013-10-21;3;0;6
2013102100;NYG@MIN;2013-10-21;3;13;12
2013102100;NYG@MIN;2013-10-21;4;0;2
2013102100;NYG@MIN;2013-10-21;4;20;5
2013102400;TB@CAR;2013-10-24;1;0;14
2013102400;CAR@TB;2013-10-24;2;0;1
2013102400;CAR@TB;2013-10-24;2;0;10
2013102400;CAR@TB;2013-10-24;3;0;3
2013102400;TB@CAR;2013-10-24;3;0;4
2013102400;TB@CAR;2013-10-24;3;5;12
2013102400;CAR@TB;2013-10-24;3;6;13
2013102400;CAR@TB;2013-10-24;4;0;10
2013102400;TB@CAR;2013-10-24;4;0;14
2013102708;ATL@ARI;2013-10-27;1;-7;15
2013102700;DAL@DET;2013-10-27;1;0;1
2013102706;PIT@OAK;2013-10-27;1;0;11
2013102702;CLE@KC;2013-10-27;1;0;11
2013102700;DAL@DET;2013-10-27;1;0;12
2013102706;OAK@PIT;2013-10-27;1;0;13
2013102705;NYG@PHI;2013-10-27;1;0;13
2013102709;WAS@DEN;2013-10-27;1;0;14
2013102705;PHI@NYG;2013-10-27;1;0;2
2013102703;MIA@NE;2013-10-27;1;0;2
2013102709;WAS@DEN;2013-10-27;1;0;3
2013102700;DAL@DET;2013-10-27;1;0;4
2013102710;MIN@GB;2013-10-27;1;0;5
2013102706;PIT@OAK;2013-10-27;1;0;5
2013102704;BUF@NO;2013-10-27;1;0;5
2013102705;PHI@NYG;2013-10-27;1;0;7
2013102701;JAC@SF;2013-10-27;1;0;7
2013102700;DET@DAL;2013-10-27;1;0;8
2013102704;NO@BUF;2013-10-27;1;0;8
2013102709;WAS@DEN;2013-10-27;1;0;9
2013102708;ATL@ARI;2013-10-27;1;0;9
2013102703;MIA@NE;2013-10-27;1;1;14
2013102702;CLE@KC;2013-10-27;1;2;4
2013102709;DEN@WAS;2013-10-27;1;2;7
2013102702;CLE@KC;2013-10-27;1;4;11
2013102701;JAC@SF;2013-10-27;1;4;2
2013102703;NE@MIA;2013-10-27;1;10;6
2013102707;NYJ@CIN;2013-10-27;1;11;1
2013102707;NYJ@CIN;2013-10-27;1;13;9
2013102700;DET@DAL;2013-10-27;1;17;15
2013102708;ARI@ATL;2013-10-27;1;27;13
2013102706;OAK@PIT;2013-10-27;2;0;11
2013102700;DET@DAL;2013-10-27;2;0;11
2013102701;JAC@SF;2013-10-27;2;0;11
2013102709;WAS@DEN;2013-10-27;2;0;12
2013102708;ATL@ARI;2013-10-27;2;0;2
2013102706;PIT@OAK;2013-10-27;2;0;2
2013102704;BUF@NO;2013-10-27;2;0;4
2013102701;JAC@SF;2013-10-27;2;0;7
2013102709;DEN@WAS;2013-10-27;2;0;8
2013102706;PIT@OAK;2013-10-27;2;0;9
2013102704;NO@BUF;2013-10-27;2;0;9
2013102707;NYJ@CIN;2013-10-27;2;1;12
2013102702;CLE@KC;2013-10-27;2;2;9
2013102708;ATL@ARI;2013-10-27;2;3;6
2013102700;DAL@DET;2013-10-27;2;4;14
2013102703;NE@MIA;2013-10-27;2;5;15
2013102705;PHI@NYG;2013-10-27;2;5;8
2013102700;DET@DAL;2013-10-27;2;8;1
2013102708;ARI@ATL;2013-10-27;2;14;1
2013102701;SF@JAC;2013-10-27;2;16;3
2013102709;DEN@WAS;2013-10-27;2;34;15
2013102710;MIN@GB;2013-10-27;2;93;2
2013102708;ARI@ATL;2013-10-27;3;0;11
2013102704;NO@BUF;2013-10-27;3;0;11
2013102700;DAL@DET;2013-10-27;3;0;13
2013102707;NYJ@CIN;2013-10-27;3;0;14
2013102706;PIT@OAK;2013-10-27;3;0;4
2013102705;PHI@NYG;2013-10-27;3;0;4
2013102710;MIN@GB;2013-10-27;3;0;5
2013102703;NE@MIA;2013-10-27;3;0;5
2013102709;WAS@DEN;2013-10-27;3;0;6
2013102705;NYG@PHI;2013-10-27;3;0;6
2013102705;NYG@PHI;2013-10-27;3;0;8
2013102700;DAL@DET;2013-10-27;3;0;8
2013102704;BUF@NO;2013-10-27;3;0;9
2013102707;CIN@NYJ;2013-10-27;3;4;12
2013102705;PHI@NYG;2013-10-27;3;4;6
2013102706;OAK@PIT;2013-10-27;3;6;5
2013102703;MIA@NE;2013-10-27;3;7;6
2013102702;KC@CLE;2013-10-27;3;9;3
2013102702;KC@CLE;2013-10-27;3;10;9
2013102703;MIA@NE;2013-10-27;3;12;3
2013102702;CLE@KC;2013-10-27;3;12;5
2013102703;NE@MIA;2013-10-27;3;13;15
2013102707;NYJ@CIN;2013-10-27;4;-5;11
2013102706;OAK@PIT;2013-10-27;4;-4;1
2013102706;OAK@PIT;2013-10-27;4;-3;5
2013102708;ARI@ATL;2013-10-27;4;0;1
2013102705;NYG@PHI;2013-10-27;4;0;1
2013102706;PIT@OAK;2013-10-27;4;0;10
2013102706;OAK@PIT;2013-10-27;4;0;11
2013102705;PHI@NYG;2013-10-27;4;0;11
2013102710;MIN@GB;2013-10-27;4;0;13
2013102708;ARI@ATL;2013-10-27;4;0;14
2013102709;WAS@DEN;2013-10-27;4;0;15
2013102706;OAK@PIT;2013-10-27;4;0;15
2013102707;CIN@NYJ;2013-10-27;4;0;2
2013102706;OAK@PIT;2013-10-27;4;0;2
2013102703;NE@MIA;2013-10-27;4;0;2
2013102700;DAL@DET;2013-10-27;4;0;3
2013102702;KC@CLE;2013-10-27;4;0;4
2013102702;KC@CLE;2013-10-27;4;0;8
2013102702;CLE@KC;2013-10-27;4;0;9
2013102702;KC@CLE;2013-10-27;4;8;13
2013102709;WAS@DEN;2013-10-27;4;10;10
2013102707;CIN@NYJ;2013-10-27;4;10;9
2013102705;NYG@PHI;2013-10-27;4;16;8
2013102702;CLE@KC;2013-10-27;4;20;15
2013102706;OAK@PIT;2013-10-27;4;44;8
2013102800;STL@SEA;2013-10-28;1;0;12
2013102800;SEA@STL;2013-10-28;1;0;3
2013102800;SEA@STL;2013-10-28;1;0;9
2013102800;SEA@STL;2013-10-28;2;0;1
2013102800;SEA@STL;2013-10-28;2;0;13
2013102800;SEA@STL;2013-10-28;2;0;3
2013102800;STL@SEA;2013-10-28;2;0;4
2013102800;STL@SEA;2013-10-28;2;9;1
2013102800;SEA@STL;2013-10-28;3;0;10
2013102800;STL@SEA;2013-10-28;3;0;13
2013102800;SEA@STL;2013-10-28;3;7;14
2013102800;SEA@STL;2013-10-28;4;0;13
2013102800;SEA@STL;2013-10-28;4;0;6
2013103100;CIN@MIA;2013-10-31;1;0;11
2013103100;MIA@CIN;2013-10-31;1;0;8
2013103100;MIA@CIN;2013-10-31;1;11;13
2013103100;CIN@MIA;2013-10-31;2;0;2
2013103100;CIN@MIA;2013-10-31;2;0;9
2013103100;MIA@CIN;2013-10-31;2;6;1
2013103100;MIA@CIN;2013-10-31;4;4;15
2013103100;MIA@CIN;2013-10-31;4;11;10
2013103100;MIA@CIN;2013-10-31;4;15;4
2013103100;CIN@MIA;2013-10-31;5;0;10
2013103100;MIA@CIN;2013-10-31;5;0;8
2013103100;MIA@CIN;2013-10-31;5;2;14
2013110304;TEN@STL;2013-11-03;1;-5;3
2013110308;CLE@BAL;2013-11-03;1;0;1
2013110303;NO@NYJ;2013-11-03;1;0;1
2013110306;OAK@PHI;2013-11-03;1;0;10
2013110300;BUF@KC;2013-11-03;1;0;10
2013110309;NE@PIT;2013-11-03;1;0;11
2013110306;OAK@PHI;2013-11-03;1;0;11
2013110305;SD@WAS;2013-11-03;1;0;12
2013110302;MIN@DAL;2013-11-03;1;0;12
2013110302;MIN@DAL;2013-11-03;1;0;12
2013110308;BAL@CLE;2013-11-03;1;0;13
2013110301;ATL@CAR;2013-11-03;1;0;14
2013110303;NYJ@NO;2013-11-03;1;0;2
2013110310;IND@HOU;2013-11-03;1;0;3
2013110307;SEA@TB;2013-11-03;1;0;4
2013110300;KC@BUF;2013-11-03;1;0;5
2013110307;TB@SEA;2013-11-03;1;0;6
2013110310;IND@HOU;2013-11-03;1;0;7
2013110309;PIT@NE;2013-11-03;1;0;9
2013110303;NYJ@NO;2013-11-03;1;0;9
2013110303;NYJ@NO;2013-11-03;1;0;9
2013110301;CAR@ATL;2013-11-03;1;16;12
2013110302;DAL@MIN;2013-11-03;1;26;2
2013110308;CLE@BAL;2013-11-03;1;27;14
2013110300;KC@BUF;2013-11-03;1;89;14
2013110307;SEA@TB;2013-11-03;2;0;10
2013110305;WAS@SD;2013-11-03;2;0;10
2013110305;SD@WAS;2013-11-03;2;0;12
2013110300;KC@BUF;2013-11-03;2;0;13
2013110310;HOU@IND;2013-11-03;2;0;15
2013110306;PHI@OAK;2013-11-03;2;0;2
2013110306;PHI@OAK;2013-11-03;2;0;2
2013110304;STL@TEN;2013-11-03;2;0;2
2013110306;OAK@PHI;2013-11-03;2;0;3
2013110308;CLE@BAL;2013-11-03;2;0;6
2013110304;TEN@STL;2013-11-03;2;0;6
2013110310;IND@HOU;2013-11-03;2;0;7
2013110308;BAL@CLE;2013-11-03;2;0;7
2013110308;BAL@CLE;2013-11-03;2;2;15
2013110310;IND@HOU;2013-11-03;2;6;14
2013110308;CLE@BAL;2013-11-03;2;8;2
2013110304;STL@TEN;2013-11-03;2;8;5
2013110302;DAL@MIN;2013-11-03;2;9;1
2013110308;BAL@CLE;2013-11-03;2;12;9
2013110304;TEN@STL;2013-11-03;2;14;4
2013110300;KC@BUF;2013-11-03;2;16;1
2013110301;ATL@CAR;2013-11-03;2;24;9
2013110306;OAK@PHI;2013-11-03;2;32;12
2013110310;HOU@IND;2013-11-03;2;34;6
2013110306;PHI@OAK;2013-11-03;3;0;1
2013110304;STL@TEN;2013-11-03;3;0;1
2013110302;DAL@MIN;2013-11-03;3;0;1
2013110301;CAR@ATL;2013-11-03;3;0;1
2013110301;ATL@CAR;2013-11-03;3;0;11
2013110306;OAK@PHI;2013-11-03;3;0;13
2013110308;BAL@CLE;2013-11-03;3;0;2
2013110304;TEN@STL;2013-11-03;3;0;2
2013110304;STL@TEN;2013-11-03;3;0;4
2013110301;CAR@ATL;2013-11-03;3;0;6
2013110308;CLE@BAL;2013-11-03;3;0;7
2013110303;NYJ@NO;2013-11-03;3;0;7
2013110302;DAL@MIN;2013-11-03;3;0;7
2013110306;PHI@OAK;2013-11-03;3;0;8
2013110308;BAL@CLE;2013-11-03;3;0;9
2013110306;OAK@PHI;2013-11-03;3;0;9
2013110303;NO@NYJ;2013-11-03;3;0;9
2013110302;MIN@DAL;2013-11-03;3;5;5
2013110305;SD@WAS;2013-11-03;3;6;8
2013110306;OAK@PHI;2013-11-03;3;7;6
2013110309;NE@PIT;2013-11-03;3;24;10
2013110309;PIT@NE;2013-11-03;3;43;1
2013110307;TB@SEA;2013-11-03;3;71;2
2013110310;IND@HOU;2013-11-03;4;0;1
2013110308;CLE@BAL;2013-11-03;4;0;11
2013110300;BUF@KC;2013-11-03;4;0;11
2013110302;DAL@MIN;2013-11-03;4;0;11
2013110307;TB@SEA;2013-11-03;4;0;12
2013110306;PHI@OAK;2013-11-03;4;0;12
2013110305;WAS@SD;2013-11-03;4;0;12
2013110309;PIT@NE;2013-11-03;4;0;13
2013110306;OAK@PHI;2013-11-03;4;0;13
2013110305;SD@WAS;2013-11-03;4;0;13
2013110301;ATL@CAR;2013-11-03;4;0;14
2013110310;HOU@IND;2013-11-03;4;0;3
2013110305;WAS@SD;2013-11-03;4;0;3
2013110304;STL@TEN;2013-11-03;4;0;3
2013110303;NYJ@NO;2013-11-03;4;0;3
2013110302;MIN@DAL;2013-11-03;4;0;3
2013110306;PHI@OAK;2013-11-03;4;0;4
2013110310;HOU@IND;2013-11-03;4;0;7
2013110308;BAL@CLE;2013-11-03;4;0;7
2013110307;TB@SEA;2013-11-03;4;0;7
2013110300;BUF@KC;2013-11-03;4;0;7
2013110303;NYJ@NO;2013-11-03;4;0;7
2013110301;ATL@CAR;2013-11-03;4;0;7
2013110300;KC@BUF;2013-11-03;4;0;8
2013110306;PHI@OAK;2013-11-03;4;0;9
2013110300;KC@BUF;2013-11-03;4;5;15
2013110307;TB@SEA;2013-11-03;4;13;1
2013110310;IND@HOU;2013-11-03;4;20;1
2013110304;TEN@STL;2013-11-03;4;24;2
2013110308;CLE@BAL;2013-11-03;4;36;15
2013110307;TB@SEA;2013-11-03;5;8;14
2013110400;CHI@GB;2013-11-04;1;0;1
2013110400;CHI@GB;2013-11-04;1;0;4
2013110400;GB@CHI;2013-11-04;2;0;14
2013110400;GB@CHI;2013-11-04;2;0;5
2013110400;CHI@GB;2013-11-04;2;0;7
2013110400;GB@CHI;2013-11-04;2;0;8
2013110400;CHI@GB;2013-11-04;3;0;7
2013110400;CHI@GB;2013-11-04;3;12;15
2013110400;GB@CHI;2013-11-04;3;23;6
2013110400;GB@CHI;2013-11-04;4;0;10
2013110400;CHI@GB;2013-11-04;4;0;13
2013110400;GB@CHI;2013-11-04;4;0;15
2013110700;MIN@WAS;2013-11-07;2;0;5
2013110700;WAS@MIN;2013-11-07;3;0;4
2013110700;WAS@MIN;2013-11-07;3;20;4
2013110700;WAS@MIN;2013-11-07;4;0;13
2013110700;WAS@MIN;2013-11-07;4;14;9
2013111007;TEN@JAC;2013-11-10;1;-2;5
2013111008;SF@CAR;2013-11-10;1;0;1
2013111006;BUF@PIT;2013-11-10;1;0;1
2013111005;NYG@OAK;2013-11-10;1;0;1
2013111011;DAL@NO;2013-11-10;1;0;10
2013111007;TEN@JAC;2013-11-10;1;0;10
2013111010;SD@DEN;2013-11-10;1;0;11
2013111004;IND@STL;2013-11-10;1;0;11
2013111011;NO@DAL;2013-11-10;1;0;12
2013111007;JAC@TEN;2013-11-10;1;0;12
2013111007;TEN@JAC;2013-11-10;1;0;13
2013111005;NYG@OAK;2013-11-10;1;0;13
2013111007;JAC@TEN;2013-11-10;1;0;2
2013111000;SEA@ATL;2013-11-10;1;0;2
2013111002;DET@CHI;2013-11-10;1;0;2
2013111008;CAR@SF;2013-11-10;1;0;3
2013111003;PHI@GB;2013-11-10;1;0;3
2013111002;CHI@DET;2013-11-10;1;0;3
2013111002;CHI@DET;2013-11-10;1;0;3
2013111009;ARI@HOU;2013-11-10;1;0;4
2013111006;BUF@PIT;2013-11-10;1;0;5
2013111007;TEN@JAC;2013-11-10;1;0;5
2013111003;GB@PHI;2013-11-10;1;0;5
2013111006;PIT@BUF;2013-11-10;1;0;6
2013111000;ATL@SEA;2013-11-10;1;0;6
2013111001;CIN@BAL;2013-11-10;1;0;7
2013111004;STL@IND;2013-11-10;1;0;9
2013111008;CAR@SF;2013-11-10;1;2;10
2013111003;PHI@GB;2013-11-10;1;2;13
2013111010;SD@DEN;2013-11-10;1;2;14
2013111009;HOU@ARI;2013-11-10;1;3;13
2013111006;PIT@BUF;2013-11-10;1;5;3
2013111001;BAL@CIN;2013-11-10;1;6;14
2013111009;HOU@ARI;2013-11-10;1;8;2
2013111000;ATL@SEA;2013-11-10;1;10;14
2013111009;ARI@HOU;2013-11-10;1;12;11
2013111005;OAK@NYG;2013-11-10;1;12;8
2013111004;IND@STL;2013-11-10;1;18;2
2013111005;OAK@NYG;2013-11-10;1;21;10
2013111008;SF@CAR;2013-11-10;1;21;7
2013111004;IND@STL;2013-11-10;1;29;7
2013111006;BUF@PIT;2013-11-10;2;0;1
2013111001;BAL@CIN;2013-11-10;2;0;1
2013111004;IND@STL;2013-11-10;2;0;10
2013111010;DEN@SD;2013-11-10;2;0;12
2013111010;DEN@SD;2013-11-10;2;0;14
2013111005;OAK@NYG;2013-11-10;2;0;15
2013111011;DAL@NO;2013-11-10;2;0;2
2013111001;BAL@CIN;2013-11-10;2;0;3
2013111009;ARI@HOU;2013-11-10;2;0;4
2013111004;IND@STL;2013-11-10;2;0;4
2013111005;OAK@NYG;2013-11-10;2;0;5
2013111000;ATL@SEA;2013-11-10;2;0;5
2013111001;CIN@BAL;2013-11-10;2;0;6
2013111006;BUF@PIT;2013-11-10;2;0;7
2013111001;CIN@BAL;2013-11-10;2;4;11
2013111010;SD@DEN;2013-11-10;2;6;13
2013111011;DAL@NO;2013-11-10;2;6;5
2013111007;TEN@JAC;2013-11-10;2;8;10
2013111001;BAL@CIN;2013-11-10;2;9;10
2013111001;CIN@BAL;2013-11-10;2;10;2
2013111000;ATL@SEA;2013-11-10;2;13;15
2013111008;CAR@SF;2013-11-10;2;18;13
2013111008;SF@CAR;2013-11-10;2;19;11
2013111009;HOU@ARI;2013-11-10;2;22;1
2013111000;ATL@SEA;2013-11-10;2;32;2
2013111004;IND@STL;2013-11-10;2;98;11
2013111011;DAL@NO;2013-11-10;3;0;1
2013111010;DEN@SD;2013-11-10;3;0;1
2013111008;CAR@SF;2013-11-10;3;0;1
2013111008;SF@CAR;2013-11-10;3;0;10
2013111010;SD@DEN;2013-11-10;3;0;11
2013111002;DET@CHI;2013-11-10;3;0;11
2013111011;DAL@NO;2013-11-10;3;0;12
2013111011;DAL@NO;2013-11-10;3;0;12
2013111006;BUF@PIT;2013-11-10;3;0;12
2013111002;CHI@DET;2013-11-10;3;0;12
2013111003;GB@PHI;2013-11-10;3;0;13
2013111010;SD@DEN;2013-11-10;3;0;2
2013111006;BUF@PIT;2013-11-10;3;0;3
2013111007;JAC@TEN;2013-11-10;3;0;4
2013111002;CHI@DET;2013-11-10;3;0;4
2013111001;CIN@BAL;2013-11-10;3;0;4
2013111011;DAL@NO;2013-11-10;3;0;6
2013111010;DEN@SD;2013-11-10;3;0;7
2013111005;NYG@OAK;2013-11-10;3;0;7
2013111004;STL@IND;2013-11-10;3;2;11
2013111006;PIT@BUF;2013-11-10;3;4;9
2013111009;ARI@HOU;2013-11-10;3;7;14
2013111006;PIT@BUF;2013-11-10;3;7;2
2013111001;BAL@CIN;2013-11-10;3;8;2
2013111001;BAL@CIN;2013-11-10;3;9;6
2013111005;OAK@NYG;2013-11-10;3;10;1
2013111009;HOU@ARI;2013-11-10;3;10;12
2013111001;BAL@CIN;2013-11-10;3;11;2
2013111001;BAL@CIN;2013-11-10;3;12;8
2013111009;HOU@ARI;2013-11-10;3;14;5
2013111008;CAR@SF;2013-11-10;3;15;13
2013111002;DET@CHI;2013-11-10;3;16;6
2013111004;STL@IND;2013-11-10;3;17;1
2013111006;BUF@PIT;2013-11-10;3;24;7
2013111006;PIT@BUF;2013-11-10;4;-1;10
2013111005;NYG@OAK;2013-11-10;4;-1;6
2013111008;SF@CAR;2013-11-10;4;0;10
2013111007;JAC@TEN;2013-11-10;4;0;10
2013111011;DAL@NO;2013-11-10;4;0;12
2013111002;CHI@DET;2013-11-10;4;0;13
2013111006;BUF@PIT;2013-11-10;4;0;15
2013111007;TEN@JAC;2013-11-10;4;0;15
2013111002;DET@CHI;2013-11-10;4;0;15
2013111008;CAR@SF;2013-11-10;4;0;2
2013111000;SEA@ATL;2013-11-10;4;0;2
2013111009;ARI@HOU;2013-11-10;4;0;3
2013111008;SF@CAR;2013-11-10;4;0;3
2013111010;SD@DEN;2013-11-10;4;0;4
2013111007;JAC@TEN;2013-11-10;4;0;4
2013111009;HOU@ARI;2013-11-10;4;0;6
2013111008;CAR@SF;2013-11-10;4;0;6
2013111004;STL@IND;2013-11-10;4;0;6
2013111002;CHI@DET;2013-11-10;4;0;6
2013111010;DEN@SD;2013-11-10;4;0;7
2013111007;JAC@TEN;2013-11-10;4;0;9
2013111001;CIN@BAL;2013-11-10;4;3;15
2013111004;STL@IND;2013-11-10;4;6;11
2013111005;OAK@NYG;2013-11-10;4;8;7
2013111007;JAC@TEN;2013-11-10;4;11;7
2013111011;DAL@NO;2013-11-10;4;12;4
2013111001;BAL@CIN;2013-11-10;4;15;2
2013111009;HOU@ARI;2013-11-10;4;17;12
2013111008;SF@CAR;2013-11-10;4;25;14
2013111006;BUF@PIT;2013-11-10;4;50;7
2013111100;MIA@TB;2013-11-11;1;0;3
2013111100;MIA@TB;2013-11-11;1;3;9
2013111100;TB@MIA;2013-11-11;2;0;15
2013111100;TB@MIA;2013-11-11;2;0;5
2013111100;MIA@TB;2013-11-11;2;52;6
2013111100;MIA@TB;2013-11-11;3;0;12
2013111100;TB@MIA;2013-11-11;3;0;5
2013111100;TB@MIA;2013-11-11;3;34;10
2013111100;TB@MIA;2013-11-11;4;0;4
2013111100;MIA@TB;2013-11-11;4;0;8
2013111100;MIA@TB;2013-11-11;4;0;8
2013111400;IND@TEN;2013-11-14;1;4;11
2013111400;TEN@IND;2013-11-14;2;0;10
2013111400;IND@TEN;2013-11-14;2;0;9
2013111400;TEN@IND;2013-11-14;3;16;6
2013111400;TEN@IND;2013-11-14;4;-1;8
2013111400;IND@TEN;2013-11-14;4;0;11
2013111703;HOU@OAK;2013-11-17;1;0;1
2013111710;SF@NO;2013-11-17;1;0;10
2013111702;CIN@CLE;2013-11-17;1;0;10
2013111710;NO@SF;2013-11-17;1;0;11
2013111712;NYG@GB;2013-11-17;1;0;11
2013111702;CLE@CIN;2013-11-17;1;0;11
2013111706;PHI@WAS;2013-11-17;1;0;11
2013111706;WAS@PHI;2013-11-17;1;0;12
2013111702;CIN@CLE;2013-11-17;1;0;14
2013111708;TB@ATL;2013-11-17;1;0;14
2013111706;WAS@PHI;2013-11-17;1;0;2
2013111711;SEA@MIN;2013-11-17;1;0;3
2013111700;BUF@NYJ;2013-11-17;1;0;4
2013111712;GB@NYG;2013-11-17;1;0;5
2013111701;CHI@BAL;2013-11-17;1;0;5
2013111710;SF@NO;2013-11-17;1;0;8
2013111709;KC@DEN;2013-11-17;1;0;9
2013111708;ATL@TB;2013-11-17;1;0;9
2013111700;BUF@NYJ;2013-11-17;1;0;9
2013111709;KC@DEN;2013-11-17;1;1;12
2013111711;MIN@SEA;2013-11-17;1;2;3
2013111703;OAK@HOU;2013-11-17;1;2;5
2013111700;NYJ@BUF;2013-11-17;1;3;2
2013111703;HOU@OAK;2013-11-17;1;3;8
2013111701;CHI@BAL;2013-11-17;1;3;9
2013111704;ARI@JAC;2013-11-17;1;4;1
2013111701;CHI@BAL;2013-11-17;1;4;13
2013111710;SF@NO;2013-11-17;1;5;14
2013111700;NYJ@BUF;2013-11-17;1;6;11
2013111702;CIN@CLE;2013-11-17;1;6;2
2013111706;WAS@PHI;2013-11-17;1;6;5
2013111707;DET@PIT;2013-11-17;1;9;6
2013111709;KC@DEN;2013-11-17;1;12;15
2013111710;NO@SF;2013-11-17;1;12;9
2013111709;DEN@KC;2013-11-17;1;13;10
2013111712;GB@NYG;2013-11-17;1;32;9
2013111710;SF@NO;2013-11-17;2;0;1
2013111710;SF@NO;2013-11-17;2;0;1
2013111706;PHI@WAS;2013-11-17;2;0;1
2013111706;WAS@PHI;2013-11-17;2;0;1
2013111700;NYJ@BUF;2013-11-17;2;0;1
2013111702;CIN@CLE;2013-11-17;2;0;10
2013111704;JAC@ARI;2013-11-17;2;0;10
2013111710;SF@NO;2013-11-17;2;0;11
2013111703;OAK@HOU;2013-11-17;2;0;11
2013111704;JAC@ARI;2013-11-17;2;0;13
2013111702;CLE@CIN;2013-11-17;2;0;14
2013111701;BAL@CHI;2013-11-17;2;0;14
2013111712;GB@NYG;2013-11-17;2;0;2
2013111701;CHI@BAL;2013-11-17;2;0;2
2013111700;BUF@NYJ;2013-11-17;2;0;6
2013111705;SD@MIA;2013-11-17;2;0;7
2013111703;HOU@OAK;2013-11-17;2;0;9
2013111707;PIT@DET;2013-11-17;2;2;3
2013111704;ARI@JAC;2013-11-17;2;3;11
2013111703;OAK@HOU;2013-11-17;2;4;15
2013111704;JAC@ARI;2013-11-17;2;4;2
2013111703;HOU@OAK;2013-11-17;2;4;6
2013111703;OAK@HOU;2013-11-17;2;5;7
2013111702;CLE@CIN;2013-11-17;2;8;11
2013111704;JAC@ARI;2013-11-17;2;8;13
2013111702;CIN@CLE;2013-11-17;2;8;2
2013111703;OAK@HOU;2013-11-17;2;10;3
2013111704;JAC@ARI;2013-11-17;2;10;5
2013111710;NO@SF;2013-11-17;2;11;10
2013111702;CLE@CIN;2013-11-17;2;11;2
2013111707;PIT@DET;2013-11-17;2;11;2
2013111700;NYJ@BUF;2013-11-17;2;12;12
2013111704;ARI@JAC;2013-11-17;2;12;6
2013111712;NYG@GB;2013-11-17;2;13;1
2013111707;PIT@DET;2013-11-17;2;13;13
2013111704;ARI@JAC;2013-11-17;2;14;1
2013111705;MIA@SD;2013-11-17;2;21;4
2013111702;CLE@CIN;2013-11-17;2;24;5
2013111702;CLE@CIN;2013-11-17;2;27;1
2013111703;OAK@HOU;2013-11-17;2;87;4
2013111702;CLE@CIN;2013-11-17;3;0;1
2013111703;HOU@OAK;2013-11-17;3;0;1
2013111704;JAC@ARI;2013-11-17;3;0;10
2013111705;SD@MIA;2013-11-17;3;0;11
2013111702;CIN@CLE;2013-11-17;3;0;11
2013111707;DET@PIT;2013-11-17;3;0;11
2013111707;PIT@DET;2013-11-17;3;0;13
2013111709;KC@DEN;2013-11-17;3;0;14
2013111711;SEA@MIN;2013-11-17;3;0;14
2013111704;JAC@ARI;2013-11-17;3;0;2
2013111706;PHI@WAS;2013-11-17;3;0;2
2013111702;CIN@CLE;2013-11-17;3;0;3
2013111703;HOU@OAK;2013-11-17;3;0;3
2013111706;WAS@PHI;2013-11-17;3;0;3
2013111701;CHI@BAL;2013-11-17;3;0;4
2013111700;BUF@NYJ;2013-11-17;3;0;4
2013111706;PHI@WAS;2013-11-17;3;0;5
2013111702;CIN@CLE;2013-11-17;3;0;6
2013111704;JAC@ARI;2013-11-17;3;0;6
2013111708;ATL@TB;2013-11-17;3;0;6
2013111700;NYJ@BUF;2013-11-17;3;0;6
2013111712;GB@NYG;2013-11-17;3;0;7
2013111702;CIN@CLE;2013-11-17;3;0;7
2013111706;WAS@PHI;2013-11-17;3;0;7
2013111700;BUF@NYJ;2013-11-17;3;0;7
2013111711;SEA@MIN;2013-11-17;3;0;8
2013111709;KC@DEN;2013-11-17;3;0;9
2013111709;DEN@KC;2013-11-17;3;1;7
2013111707;PIT@DET;2013-11-17;3;2;14
2013111709;DEN@KC;2013-11-17;3;4;15
2013111711;MIN@SEA;2013-11-17;3;4;3
2013111709;KC@DEN;2013-11-17;3;4;6
2013111701;BAL@CHI;2013-11-17;3;6;2
2013111712;GB@NYG;2013-11-17;3;6;7
2013111709;DEN@KC;2013-11-17;3;7;12
2013111707;DET@PIT;2013-11-17;3;8;13
2013111703;OAK@HOU;2013-11-17;3;10;13
2013111704;ARI@JAC;2013-11-17;3;10;4
2013111711;MIN@SEA;2013-11-17;3;11;13
2013111703;HOU@OAK;2013-11-17;3;11;8
2013111703;HOU@OAK;2013-11-17;3;12;11
2013111705;MIA@SD;2013-11-17;3;13;2
2013111708;ATL@TB;2013-11-17;3;14;14
2013111701;BAL@CHI;2013-11-17;4;0;10
2013111704;ARI@JAC;2013-11-17;4;0;10
2013111709;KC@DEN;2013-11-17;4;0;12
2013111705;SD@MIA;2013-11-17;4;0;12
2013111703;OAK@HOU;2013-11-17;4;0;12
2013111704;JAC@ARI;2013-11-17;4;0;12
2013111705;MIA@SD;2013-11-17;4;0;14
2013111711;SEA@MIN;2013-11-17;4;0;15
2013111700;NYJ@BUF;2013-11-17;4;0;15
2013111709;DEN@KC;2013-11-17;4;0;2
2013111709;DEN@KC;2013-11-17;4;0;2
2013111710;SF@NO;2013-11-17;4;0;2
2013111704;ARI@JAC;2013-11-17;4;0;3
2013111703;OAK@HOU;2013-11-17;4;0;4
2013111706;PHI@WAS;2013-11-17;4;0;4
2013111708;TB@ATL;2013-11-17;4;0;4
2013111712;NYG@GB;2013-11-17;4;0;5
2013111705;SD@MIA;2013-11-17;4;0;5
2013111701;CHI@BAL;2013-11-17;4;0;5
2013111711;SEA@MIN;2013-11-17;4;0;6
2013111710;SF@NO;2013-11-17;4;0;7
2013111703;HOU@OAK;2013-11-17;4;0;7
2013111703;OAK@HOU;2013-11-17;4;0;8
2013111712;GB@NYG;2013-11-17;4;0;9
2013111706;PHI@WAS;2013-11-17;4;0;9
2013111708;TB@ATL;2013-11-17;4;4;1
2013111704;ARI@JAC;2013-11-17;4;5;15
2013111712;NYG@GB;2013-11-17;4;7;12
2013111703;OAK@HOU;2013-11-17;4;7;15
2013111709;DEN@KC;2013-11-17;4;8;4
2013111702;CIN@CLE;2013-11-17;4;11;2
2013111703;OAK@HOU;2013-11-17;4;11;5
2013111708;TB@ATL;2013-11-17;4;12;15
2013111705;MIA@SD;2013-11-17;4;12;3
2013111712;NYG@GB;2013-11-17;4;14;1
2013111700;BUF@NYJ;2013-11-17;4;16;14
2013111701;BAL@CHI;2013-11-17;5;0;13
2013111800;CAR@NE;2013-11-18;1;0;14
2013111800;NE@CAR;2013-11-18;1;0;8
2013111800;CAR@NE;2013-11-18;4;13;12
2013112100;NO@ATL;2013-11-21;1;0;14
2013112100;ATL@NO;2013-11-21;2;0;1
2013112100;NO@ATL;2013-11-21;2;10;2
2013112100;NO@ATL;2013-11-21;3;0;11
2013112100;ATL@NO;2013-11-21;3;0;13
2013112100;ATL@NO;2013-11-21;3;0;9
2013112100;NO@ATL;2013-11-21;4;0;9
2013112410;NYG@DAL;2013-11-24;1;-4;7
2013112404;HOU@JAC;2013-11-24;1;0;1
2013112405;KC@SD;2013-11-24;1;0;10
2013112410;NYG@DAL;2013-11-24;1;0;11
2013112410;NYG@DAL;2013-11-24;1;0;11
2013112403;MIN@GB;2013-11-24;1;0;12
2013112410;DAL@NYG;2013-11-24;1;0;13
2013112405;KC@SD;2013-11-24;1;0;13
2013112400;NYJ@BAL;2013-11-24;1;0;13
2013112411;DEN@NE;2013-11-24;1;0;14
2013112403;GB@MIN;2013-11-24;1;0;14
2013112402;DET@TB;2013-11-24;1;0;15
2013112411;NE@DEN;2013-11-24;1;0;2
2013112409;OAK@TEN;2013-11-24;1;0;3
2013112406;MIA@CAR;2013-11-24;1;0;3
2013112404;HOU@JAC;2013-11-24;1;0;4
2013112404;JAC@HOU;2013-11-24;1;0;5
2013112401;PIT@CLE;2013-11-24;1;0;5
2013112404;JAC@HOU;2013-11-24;1;0;6
2013112404;HOU@JAC;2013-11-24;1;0;8
2013112410;DAL@NYG;2013-11-24;1;0;9
2013112408;IND@ARI;2013-11-24;1;0;9
2013112405;SD@KC;2013-11-24;1;2;12
2013112404;JAC@HOU;2013-11-24;1;2;2
2013112404;HOU@JAC;2013-11-24;1;3;11
2013112400;BAL@NYJ;2013-11-24;1;16;11
2013112406;CAR@MIA;2013-11-24;1;20;5
2013112406;MIA@CAR;2013-11-24;1;41;10
2013112402;TB@DET;2013-11-24;1;42;14
2013112411;NE@DEN;2013-11-24;2;0;1
2013112410;DAL@NYG;2013-11-24;2;0;1
2013112409;TEN@OAK;2013-11-24;2;0;1
2013112407;CHI@STL;2013-11-24;2;0;1
2013112400;NYJ@BAL;2013-11-24;2;0;1
2013112401;CLE@PIT;2013-11-24;2;0;10
2013112409;OAK@TEN;2013-11-24;2;0;11
2013112405;SD@KC;2013-11-24;2;0;11
2013112407;STL@CHI;2013-11-24;2;0;12
2013112401;PIT@CLE;2013-11-24;2;0;12
2013112408;IND@ARI;2013-11-24;2;0;13
2013112404;HOU@JAC;2013-11-24;2;0;13
2013112403;GB@MIN;2013-11-24;2;0;13
2013112411;DEN@NE;2013-11-24;2;0;14
2013112409;TEN@OAK;2013-11-24;2;0;14
2013112407;CHI@STL;2013-11-24;2;0;14
2013112401;CLE@PIT;2013-11-24;2;0;14
2013112400;NYJ@BAL;2013-11-24;2;0;15
2013112411;DEN@NE;2013-11-24;2;0;2
2013112410;DAL@NYG;2013-11-24;2;0;3
2013112402;TB@DET;2013-11-24;2;0;3
2013112411;NE@DEN;2013-11-24;2;0;4
2013112409;TEN@OAK;2013-11-24;2;0;4
2013112408;ARI@IND;2013-11-24;2;0;4
2013112403;GB@MIN;2013-11-24;2;0;4
2013112401;PIT@CLE;2013-11-24;2;0;5
2013112404;JAC@HOU;2013-11-24;2;0;6
2013112408;IND@ARI;2013-11-24;2;0;7
2013112406;MIA@CAR;2013-11-24;2;0;7
2013112405;KC@SD;2013-11-24;2;0;7
2013112403;GB@MIN;2013-11-24;2;0;9
2013112406;CAR@MIA;2013-11-24;2;2;15
2013112404;HOU@JAC;2013-11-24;2;2;8
2013112406;CAR@MIA;2013-11-24;2;7;5
2013112406;CAR@MIA;2013-11-24;2;9;12
2013112410;NYG@DAL;2013-11-24;2;10;2
2013112408;IND@ARI;2013-11-24;2;11;2
2013112404;JAC@HOU;2013-11-24;2;12;14
2013112405;SD@KC;2013-11-24;2;13;5
2013112401;CLE@PIT;2013-11-24;2;14;4
2013112402;DET@TB;2013-11-24;2;17;1
2013112400;NYJ@BAL;2013-11-24;2;19;7
2013112403;GB@MIN;2013-11-24;3;0;12
2013112403;MIN@GB;2013-11-24;3;0;13
2013112400;BAL@NYJ;2013-11-24;3;0;14
2013112402;TB@DET;2013-11-24;3;0;14
2013112401;CLE@PIT;2013-11-24;3;0;14
2013112410;DAL@NYG;2013-11-24;3;0;2
2013112402;TB@DET;2013-11-24;3;0;3
2013112406;MIA@CAR;2013-11-24;3;0;4
2013112400;BAL@NYJ;2013-11-24;3;0;6
2013112403;GB@MIN;2013-11-24;3;0;6
2013112402;TB@DET;2013-11-24;3;0;9
2013112407;CHI@STL;2013-11-24;3;1;1
2013112405;SD@KC;2013-11-24;3;1;7
2013112402;DET@TB;2013-11-24;3;2;1
2013112401;PIT@CLE;2013-11-24;3;6;1
2013112409;TEN@OAK;2013-11-24;3;6;7
2013112411;DEN@NE;2013-11-24;3;11;3
2013112406;CAR@MIA;2013-11-24;3;11;3
2013112408;IND@ARI;2013-11-24;3;12;5
2013112400;NYJ@BAL;2013-11-24;3;20;12
2013112400;NYJ@BAL;2013-11-24;3;37;8
2013112411;DEN@NE;2013-11-24;4;0;1
2013112403;MIN@GB;2013-11-24;4;0;1
2013112410;DAL@NYG;2013-11-24;4;0;12
2013112400;BAL@NYJ;2013-11-24;4;0;12
2013112408;ARI@IND;2013-11-24;4;0;15
2013112406;MIA@CAR;2013-11-24;4;0;15
2013112407;STL@CHI;2013-11-24;4;0;15
2013112404;JAC@HOU;2013-11-24;4;0;2
2013112403;MIN@GB;2013-11-24;4;0;3
2013112401;PIT@CLE;2013-11-24;4;0;3
2013112406;MIA@CAR;2013-11-24;4;0;5
2013112401;PIT@CLE;2013-11-24;4;0;5
2013112400;BAL@NYJ;2013-11-24;4;0;7
2013112400;BAL@NYJ;2013-11-24;4;0;8
2013112401;PIT@CLE;2013-11-24;4;0;8
2013112410;NYG@DAL;2013-11-24;4;2;15
2013112404;HOU@JAC;2013-11-24;4;2;5
2013112404;JAC@HOU;2013-11-24;4;5;14
2013112401;CLE@PIT;2013-11-24;4;5;15
2013112405;KC@SD;2013-11-24;4;5;6
2013112410;NYG@DAL;2013-11-24;4;7;11
2013112406;CAR@MIA;2013-11-24;4;8;6
2013112403;MIN@GB;2013-11-24;4;8;9
2013112404;HOU@JAC;2013-11-24;4;10;12
2013112400;BAL@NYJ;2013-11-24;4;10;2
2013112402;DET@TB;2013-11-24;4;11;10
2013112400;NYJ@BAL;2013-11-24;4;11;15
2013112411;NE@DEN;2013-11-24;4;12;2
2013112406;CAR@MIA;2013-11-24;4;14;12
2013112405;SD@KC;2013-11-24;4;18;5
2013112411;DEN@NE;2013-11-24;4;20;13
2013112410;DAL@NYG;2013-11-24;4;21;10
2013112400;NYJ@BAL;2013-11-24;4;21;12
2013112407;STL@CHI;2013-11-24;4;62;15
2013112403;GB@MIN;2013-11-24;5;0;1
2013112411;DEN@NE;2013-11-24;5;0;13
2013112403;MIN@GB;2013-11-24;5;0;3
2013112411;NE@DEN;2013-11-24;5;0;4
2013112403;GB@MIN;2013-11-24;5;0;4
2013112411;DEN@NE;2013-11-24;5;0;5
2013112411;DEN@NE;2013-11-24;5;0;6
2013112411;NE@DEN;2013-11-24;5;1;11
2013112500;SF@WAS;2013-11-25;1;0;12
2013112500;WAS@SF;2013-11-25;1;0;15
2013112500;WAS@SF;2013-11-25;1;4;10
2013112500;WAS@SF;2013-11-25;1;11;7
2013112500;SF@WAS;2013-11-25;1;13;8
2013112500;SF@WAS;2013-11-25;2;0;6
2013112500;WAS@SF;2013-11-25;3;17;8
2013112500;WAS@SF;2013-11-25;3;40;5
2013112500;WAS@SF;2013-11-25;4;0;15
2013112500;SF@WAS;2013-11-25;4;0;3
2013112500;WAS@SF;2013-11-25;4;0;7
2013112801;OAK@DAL;2013-11-28;1;-4;11
2013112801;DAL@OAK;2013-11-28;1;0;2
2013112802;PIT@BAL;2013-11-28;1;0;4
2013112801;OAK@DAL;2013-11-28;1;0;5
2013112800;GB@DET;2013-11-28;1;1;6
2013112801;DAL@OAK;2013-11-28;1;5;14
2013112801;DAL@OAK;2013-11-28;1;9;8
2013112802;PIT@BAL;2013-11-28;1;11;13
2013112802;BAL@PIT;2013-11-28;2;0;14
2013112802;PIT@BAL;2013-11-28;2;0;2
2013112800;GB@DET;2013-11-28;2;0;2
2013112800;GB@DET;2013-11-28;2;0;9
2013112801;DAL@OAK;2013-11-28;2;14;10
2013112800;GB@DET;2013-11-28;2;35;3
2013112800;DET@GB;2013-11-28;3;0;2
2013112801;OAK@DAL;2013-11-28;3;0;5
2013112801;OAK@DAL;2013-11-28;3;5;12
2013112800;GB@DET;2013-11-28;3;5;14
2013112802;PIT@BAL;2013-11-28;3;8;3
2013112801;OAK@DAL;2013-11-28;3;14;5
2013112801;OAK@DAL;2013-11-28;4;12;13
2013112801;DAL@OAK;2013-11-28;4;14;11
2013112800;GB@DET;2013-11-28;4;60;12
2013120100;CAR@TB;2013-12-01;1;0;1
2013120107;ATL@BUF;2013-12-01;1;0;13
2013120109;HOU@NE;2013-12-01;1;0;13
2013120104;MIN@CHI;2013-12-01;1;0;13
2013120102;TEN@IND;2013-12-01;1;0;13
2013120100;CAR@TB;2013-12-01;1;0;14
2013120111;WAS@NYG;2013-12-01;1;0;3
2013120101;JAC@CLE;2013-12-01;1;0;3
2013120105;NYJ@MIA;2013-12-01;1;0;5
2013120106;ARI@PHI;2013-12-01;1;0;5
2013120108;STL@SF;2013-12-01;1;0;6
2013120101;CLE@JAC;2013-12-01;1;0;6
2013120104;MIN@CHI;2013-12-01;1;0;7
2013120106;PHI@ARI;2013-12-01;1;0;8
2013120110;CIN@SD;2013-12-01;1;0;9
2013120107;ATL@BUF;2013-12-01;1;3;10
2013120106;PHI@ARI;2013-12-01;1;3;3
2013120110;SD@CIN;2013-12-01;1;3;5
2013120108;STL@SF;2013-12-01;1;5;14
2013120109;NE@HOU;2013-12-01;1;6;11
2013120111;NYG@WAS;2013-12-01;1;8;1
2013120104;MIN@CHI;2013-12-01;1;8;10
2013120107;BUF@ATL;2013-12-01;1;11;1
2013120104;CHI@MIN;2013-12-01;1;13;12
2013120111;NYG@WAS;2013-12-01;1;14;7
2013120100;TB@CAR;2013-12-01;1;15;6
2013120102;TEN@IND;2013-12-01;1;18;4
2013120104;CHI@MIN;2013-12-01;1;18;8
2013120101;JAC@CLE;2013-12-01;1;38;13
2013120105;NYJ@MIA;2013-12-01;2;-1;2
2013120103;KC@DEN;2013-12-01;2;0;1
2013120110;CIN@SD;2013-12-01;2;0;1
2013120109;NE@HOU;2013-12-01;2;0;1
2013120104;CHI@MIN;2013-12-01;2;0;1
2013120103;DEN@KC;2013-12-01;2;0;10
2013120104;CHI@MIN;2013-12-01;2;0;11
2013120101;CLE@JAC;2013-12-01;2;0;11
2013120108;STL@SF;2013-12-01;2;0;13
2013120105;NYJ@MIA;2013-12-01;2;0;15
2013120106;ARI@PHI;2013-12-01;2;0;15
2013120104;MIN@CHI;2013-12-01;2;0;15
2013120103;DEN@KC;2013-12-01;2;0;2
2013120104;MIN@CHI;2013-12-01;2;0;2
2013120107;BUF@ATL;2013-12-01;2;0;3
2013120101;JAC@CLE;2013-12-01;2;0;3
2013120102;TEN@IND;2013-12-01;2;0;3
2013120100;TB@CAR;2013-12-01;2;0;5
2013120101;CLE@JAC;2013-12-01;2;0;5
2013120101;JAC@CLE;2013-12-01;2;0;6
2013120110;SD@CIN;2013-12-01;2;0;7
2013120102;IND@TEN;2013-12-01;2;0;7
2013120111;WAS@NYG;2013-12-01;2;0;8
2013120103;KC@DEN;2013-12-01;2;0;8
2013120110;SD@CIN;2013-12-01;2;2;2
2013120106;ARI@PHI;2013-12-01;2;3;3
2013120103;KC@DEN;2013-12-01;2;5;2
2013120111;NYG@WAS;2013-12-01;2;6;6
2013120110;CIN@SD;2013-12-01;2;7;11
2013120111;WAS@NYG;2013-12-01;2;9;4
2013120102;IND@TEN;2013-12-01;2;10;2
2013120100;TB@CAR;2013-12-01;2;11;5
2013120102;TEN@IND;2013-12-01;2;11;9
2013120107;ATL@BUF;2013-12-01;2;17;14
2013120105;NYJ@MIA;2013-12-01;2;25;7
2013120102;IND@TEN;2013-12-01;3;0;1
2013120103;KC@DEN;2013-12-01;3;0;10
2013120111;NYG@WAS;2013-12-01;3;0;12
2013120110;CIN@SD;2013-12-01;3;0;12
2013120105;MIA@NYJ;2013-12-01;3;0;13
2013120108;SF@STL;2013-12-01;3;0;14
2013120107;ATL@BUF;2013-12-01;3;0;2
2013120101;JAC@CLE;2013-12-01;3;0;2
2013120108;STL@SF;2013-12-01;3;0;3
2013120104;MIN@CHI;2013-12-01;3;0;3
2013120106;PHI@ARI;2013-12-01;3;0;4
2013120103;KC@DEN;2013-12-01;3;0;6
2013120111;WAS@NYG;2013-12-01;3;0;7
2013120107;BUF@ATL;2013-12-01;3;0;7
2013120111;WAS@NYG;2013-12-01;3;0;8
2013120107;BUF@ATL;2013-12-01;3;5;1
2013120107;BUF@ATL;2013-12-01;3;6;14
2013120111;NYG@WAS;2013-12-01;3;7;3
2013120100;TB@CAR;2013-12-01;3;8;1
2013120105;NYJ@MIA;2013-12-01;3;10;14
2013120109;HOU@NE;2013-12-01;3;11;12
2013120101;JAC@CLE;2013-12-01;3;11;9
2013120102;IND@TEN;2013-12-01;3;33;6
2013120108;STL@SF;2013-12-01;4;-5;15
2013120109;NE@HOU;2013-12-01;4;0;1
2013120107;BUF@ATL;2013-12-01;4;0;11
2013120102;IND@TEN;2013-12-01;4;0;11
2013120106;PHI@ARI;2013-12-01;4;0;12
2013120101;CLE@JAC;2013-12-01;4;0;12
2013120110;SD@CIN;2013-12-01;4;0;13
2013120107;ATL@BUF;2013-12-01;4;0;13
2013120105;NYJ@MIA;2013-12-01;4;0;13
2013120108;STL@SF;2013-12-01;4;0;14
2013120105;MIA@NYJ;2013-12-01;4;0;14
2013120106;PHI@ARI;2013-12-01;4;0;15
2013120104;CHI@MIN;2013-12-01;4;0;15
2013120108;SF@STL;2013-12-01;4;0;3
2013120106;PHI@ARI;2013-12-01;4;0;3
2013120104;CHI@MIN;2013-12-01;4;0;3
2013120103;DEN@KC;2013-12-01;4;0;4
2013120108;SF@STL;2013-12-01;4;0;5
2013120100;CAR@TB;2013-12-01;4;0;5
2013120100;TB@CAR;2013-12-01;4;0;6
2013120111;WAS@NYG;2013-12-01;4;0;7
2013120107;ATL@BUF;2013-12-01;4;0;7
2013120109;HOU@NE;2013-12-01;4;0;7
2013120106;PHI@ARI;2013-12-01;4;0;8
2013120101;JAC@CLE;2013-12-01;4;0;8
2013120111;NYG@WAS;2013-12-01;4;0;9
2013120102;TEN@IND;2013-12-01;4;0;9
2013120107;BUF@ATL;2013-12-01;4;3;5
2013120102;TEN@IND;2013-12-01;4;6;12
2013120105;MIA@NYJ;2013-12-01;4;6;2
2013120107;ATL@BUF;2013-12-01;4;7;11
2013120105;NYJ@MIA;2013-12-01;4;7;15
2013120106;ARI@PHI;2013-12-01;4;8;11
2013120108;SF@STL;2013-12-01;4;10;12
2013120111;WAS@NYG;2013-12-01;4;13;13
2013120106;ARI@PHI;2013-12-01;4;54;14
2013120104;CHI@MIN;2013-12-01;5;0;13
2013120200;NO@SEA;2013-12-02;1;1;14
2013120200;NO@SEA;2013-12-02;1;4;6
2013120200;NO@SEA;2013-12-02;2;0;3
2013120200;SEA@NO;2013-12-02;3;0;14
2013120200;SEA@NO;2013-12-02;3;0;3
2013120200;NO@SEA;2013-12-02;3;11;12
2013120200;NO@SEA;2013-12-02;3;12;5
2013120200;NO@SEA;2013-12-02;4;0;1
2013120200;SEA@NO;2013-12-02;4;0;12
2013120500;HOU@JAC;2013-12-05;1;0;1
2013120500;JAC@HOU;2013-12-05;1;0;5
2013120500;HOU@JAC;2013-12-05;1;17;7
2013120500;JAC@HOU;2013-12-05;2;-3;2
2013120500;HOU@JAC;2013-12-05;2;0;11
2013120500;JAC@HOU;2013-12-05;2;0;9
2013120500;HOU@JAC;2013-12-05;3;0;13
2013120500;JAC@HOU;2013-12-05;3;8;5
2013120500;HOU@JAC;2013-12-05;3;8;6
2013120500;JAC@HOU;2013-12-05;3;16;11
2013120500;JAC@HOU;2013-12-05;4;0;10
2013120500;JAC@HOU;2013-12-05;4;0;15
2013120500;JAC@HOU;2013-12-05;4;0;3
2013120805;DET@PHI;2013-12-08;1;-6;14
2013120807;TB@BUF;2013-12-08;1;0;1
2013120800;BAL@MIN;2013-12-08;1;0;1
2013120812;SEA@SF;2013-12-08;1;0;10
2013120813;ATL@GB;2013-12-08;1;0;10
2013120800;MIN@BAL;2013-12-08;1;0;10
2013120811;SD@NYG;2013-12-08;1;0;11
2013120805;PHI@DET;2013-12-08;1;0;12
2013120807;BUF@TB;2013-12-08;1;0;12
2013120812;SEA@SF;2013-12-08;1;0;13
2013120807;BUF@TB;2013-12-08;1;0;14
2013120801;CIN@IND;2013-12-08;1;0;2
2013120800;MIN@BAL;2013-12-08;1;0;2
2013120810;ARI@STL;2013-12-08;1;0;3
2013120812;SEA@SF;2013-12-08;1;0;3
2013120811;NYG@SD;2013-12-08;1;0;4
2013120801;IND@CIN;2013-12-08;1;0;4
2013120809;DEN@TEN;2013-12-08;1;0;5
2013120802;CLE@NE;2013-12-08;1;0;5
2013120801;CIN@IND;2013-12-08;1;0;6
2013120803;OAK@NYJ;2013-12-08;1;0;8
2013120801;IND@CIN;2013-12-08;1;0;8
2013120802;NE@CLE;2013-12-08;1;0;9
2013120800;BAL@MIN;2013-12-08;1;0;9
2013120811;NYG@SD;2013-12-08;1;2;14
2013120806;MIA@PIT;2013-12-08;1;3;12
2013120801;IND@CIN;2013-12-08;1;5;14
2013120807;TB@BUF;2013-12-08;1;6;11
2013120806;PIT@MIA;2013-12-08;1;6;14
2013120809;TEN@DEN;2013-12-08;1;6;4
2013120807;BUF@TB;2013-12-08;1;10;2
2013120812;SF@SEA;2013-12-08;1;12;12
2013120805;PHI@DET;2013-12-08;1;13;4
2013120804;NO@CAR;2013-12-08;1;32;8
2013120808;WAS@KC;2013-12-08;1;60;10
2013120802;CLE@NE;2013-12-08;2;-1;1
2013120801;CIN@IND;2013-12-08;2;0;10
2013120807;BUF@TB;2013-12-08;2;0;10
2013120811;NYG@SD;2013-12-08;2;0;11
2013120809;DEN@TEN;2013-12-08;2;0;11
2013120802;NE@CLE;2013-12-08;2;0;11
2013120800;BAL@MIN;2013-12-08;2;0;11
2013120805;DET@PHI;2013-12-08;2;0;13
2013120800;BAL@MIN;2013-12-08;2;0;13
2013120805;PHI@DET;2013-12-08;2;0;14
2013120810;STL@ARI;2013-12-08;2;0;15
2013120801;IND@CIN;2013-12-08;2;0;15
2013120806;PIT@MIA;2013-12-08;2;0;15
2013120806;PIT@MIA;2013-12-08;2;0;15
2013120803;OAK@NYJ;2013-12-08;2;0;2
2013120802;NE@CLE;2013-12-08;2;0;2
2013120800;MIN@BAL;2013-12-08;2;0;2
2013120813;ATL@GB;2013-12-08;2;0;3
2013120813;ATL@GB;2013-12-08;2;0;3
2013120803;OAK@NYJ;2013-12-08;2;0;4
2013120802;CLE@NE;2013-12-08;2;0;4
2013120808;KC@WAS;2013-12-08;2;0;4
2013120810;STL@ARI;2013-12-08;2;0;5
2013120807;BUF@TB;2013-12-08;2;0;5
2013120805;DET@PHI;2013-12-08;2;0;6
2013120802;NE@CLE;2013-12-08;2;0;7
2013120803;NYJ@OAK;2013-12-08;2;0;8
2013120805;PHI@DET;2013-12-08;2;0;8
2013120807;TB@BUF;2013-12-08;2;0;8
2013120808;WAS@KC;2013-12-08;2;0;8
2013120804;CAR@NO;2013-12-08;2;0;9
2013120802;CLE@NE;2013-12-08;2;0;9
2013120806;PIT@MIA;2013-12-08;2;1;1
2013120806;MIA@PIT;2013-12-08;2;1;13
2013120806;MIA@PIT;2013-12-08;2;4;3
2013120801;IND@CIN;2013-12-08;2;6;1
2013120809;TEN@DEN;2013-12-08;2;9;15
2013120800;MIN@BAL;2013-12-08;2;10;12
2013120809;TEN@DEN;2013-12-08;2;10;2
2013120800;BAL@MIN;2013-12-08;2;14;3
2013120804;CAR@NO;2013-12-08;2;15;3
2013120806;PIT@MIA;2013-12-08;2;16;5
2013120800;MIN@BAL;2013-12-08;2;22;14
2013120808;WAS@KC;2013-12-08;2;24;15
2013120808;WAS@KC;2013-12-08;2;74;11
2013120802;NE@CLE;2013-12-08;3;-1;13
2013120812;SEA@SF;2013-12-08;3;0;1
2013120805;DET@PHI;2013-12-08;3;0;1
2013120810;ARI@STL;2013-12-08;3;0;11
2013120808;WAS@KC;2013-12-08;3;0;11
2013120800;BAL@MIN;2013-12-08;3;0;11
2013120812;SF@SEA;2013-12-08;3;0;12
2013120810;STL@ARI;2013-12-08;3;0;13
2013120808;KC@WAS;2013-12-08;3;0;13
2013120813;ATL@GB;2013-12-08;3;0;13
2013120804;NO@CAR;2013-12-08;3;0;14
2013120805;PHI@DET;2013-12-08;3;0;14
2013120813;GB@ATL;2013-12-08;3;0;14
2013120804;NO@CAR;2013-12-08;3;0;2
2013120804;CAR@NO;2013-12-08;3;0;3
2013120808;WAS@KC;2013-12-08;3;0;3
2013120807;TB@BUF;2013-12-08;3;0;4
2013120812;SEA@SF;2013-12-08;3;0;8
2013120801;CIN@IND;2013-12-08;3;0;8
2013120805;DET@PHI;2013-12-08;3;0;9
2013120800;MIN@BAL;2013-12-08;3;4;4
2013120802;CLE@NE;2013-12-08;3;8;6
2013120800;MIN@BAL;2013-12-08;3;8;9
2013120810;STL@ARI;2013-12-08;3;9;5
2013120810;ARI@STL;2013-12-08;3;9;6
2013120813;ATL@GB;2013-12-08;3;12;8
2013120808;WAS@KC;2013-12-08;3;17;14
2013120801;IND@CIN;2013-12-08;3;19;3
2013120807;TB@BUF;2013-12-08;3;21;9
2013120805;PHI@DET;2013-12-08;3;58;7
2013120810;STL@ARI;2013-12-08;4;-6;9
2013120805;DET@PHI;2013-12-08;4;-1;13
2013120812;SF@SEA;2013-12-08;4;-1;15
2013120803;NYJ@OAK;2013-12-08;4;0;1
2013120810;STL@ARI;2013-12-08;4;0;10
2013120807;BUF@TB;2013-12-08;4;0;10
2013120800;MIN@BAL;2013-12-08;4;0;10
2013120810;ARI@STL;2013-12-08;4;0;11
2013120802;CLE@NE;2013-12-08;4;0;12
2013120807;TB@BUF;2013-12-08;4;0;12
2013120812;SEA@SF;2013-12-08;4;0;13
2013120807;BUF@TB;2013-12-08;4;0;14
2013120804;CAR@NO;2013-12-08;4;0;2
2013120804;NO@CAR;2013-12-08;4;0;4
2013120813;GB@ATL;2013-12-08;4;0;5
2013120807;TB@BUF;2013-12-08;4;0;6
2013120808;KC@WAS;2013-12-08;4;0;6
2013120800;MIN@BAL;2013-12-08;4;0;7
2013120801;CIN@IND;2013-12-08;4;0;9
2013120808;WAS@KC;2013-12-08;4;2;11
2013120809;TEN@DEN;2013-12-08;4;2;9
2013120812;SEA@SF;2013-12-08;4;7;13
2013120813;GB@ATL;2013-12-08;4;8;1
2013120807;TB@BUF;2013-12-08;4;9;1
2013120807;BUF@TB;2013-12-08;4;11;5
2013120804;CAR@NO;2013-12-08;4;17;14
2013120812;SF@SEA;2013-12-08;4;38;10
2013120801;IND@CIN;2013-12-08;4;43;8
2013120900;DAL@CHI;2013-12-09;2;0;15
2013120900;DAL@CHI;2013-12-09;2;19;1
2013120900;DAL@CHI;2013-12-09;3;0;11
2013121200;DEN@SD;2013-12-12;2;0;5
2013121200;SD@DEN;2013-12-12;2;0;7
2013121200;DEN@SD;2013-12-12;2;5;9
2013121200;DEN@SD;2013-12-12;2;6;1
2013121200;DEN@SD;2013-12-12;3;0;11
2013121200;SD@DEN;2013-12-12;3;0;2
2013121200;SD@DEN;2013-12-12;3;0;9
2013121504;NE@MIA;2013-12-15;1;0;1
2013121508;TB@SF;2013-12-15;1;0;1
2013121510;NYJ@CAR;2013-12-15;1;0;10
2013121513;PIT@CIN;2013-12-15;1;0;12
2013121507;STL@NO;2013-12-15;1;0;12
2013121510;CAR@NYJ;2013-12-15;1;0;12
2013121504;MIA@NE;2013-12-15;1;0;12
2013121503;JAC@BUF;2013-12-15;1;0;13
2013121506;SEA@NYG;2013-12-15;1;0;13
2013121513;CIN@PIT;2013-12-15;1;0;2
2013121512;GB@DAL;2013-12-15;1;0;3
2013121504;MIA@NE;2013-12-15;1;0;3
2013121506;SEA@NYG;2013-12-15;1;0;3
2013121506;NYG@SEA;2013-12-15;1;0;7
2013121502;HOU@IND;2013-12-15;1;0;9
2013121505;PHI@MIN;2013-12-15;1;0;9
2013121509;ARI@TEN;2013-12-15;1;9;15
2013121508;SF@TB;2013-12-15;1;9;4
2013121508;TB@SF;2013-12-15;1;11;15
2013121513;CIN@PIT;2013-12-15;1;11;7
2013121508;TB@SF;2013-12-15;1;18;6
2013121506;NYG@SEA;2013-12-15;1;19;11
2013121513;CIN@PIT;2013-12-15;1;67;2
2013121509;TEN@ARI;2013-12-15;2;0;1
2013121511;KC@OAK;2013-12-15;2;0;1
2013121501;CLE@CHI;2013-12-15;2;0;10
2013121502;HOU@IND;2013-12-15;2;0;10
2013121501;CHI@CLE;2013-12-15;2;0;11
2013121504;MIA@NE;2013-12-15;2;0;11
2013121512;DAL@GB;2013-12-15;2;0;12
2013121511;KC@OAK;2013-12-15;2;0;12
2013121506;NYG@SEA;2013-12-15;2;0;13
2013121508;SF@TB;2013-12-15;2;0;13
2013121500;ATL@WAS;2013-12-15;2;0;13
2013121506;SEA@NYG;2013-12-15;2;0;14
2013121513;CIN@PIT;2013-12-15;2;0;15
2013121512;GB@DAL;2013-12-15;2;0;15
2013121502;IND@HOU;2013-12-15;2;0;15
2013121501;CLE@CHI;2013-12-15;2;0;2
2013121501;CLE@CHI;2013-12-15;2;0;2
2013121509;TEN@ARI;2013-12-15;2;0;3
2013121512;GB@DAL;2013-12-15;2;0;3
2013121510;NYJ@CAR;2013-12-15;2;0;3
2013121508;TB@SF;2013-12-15;2;0;4
2013121501;CHI@CLE;2013-12-15;2;0;5
2013121507;STL@NO;2013-12-15;2;0;9
2013121504;NE@MIA;2013-12-15;2;0;9
2013121503;BUF@JAC;2013-12-15;2;1;14
2013121506;NYG@SEA;2013-12-15;2;3;3
2013121500;ATL@WAS;2013-12-15;2;3;5
2013121503;JAC@BUF;2013-12-15;2;3;6
2013121506;SEA@NYG;2013-12-15;2;4;11
2013121500;ATL@WAS;2013-12-15;2;4;9
2013121512;GB@DAL;2013-12-15;2;7;10
2013121508;TB@SF;2013-12-15;2;7;12
2013121507;NO@STL;2013-12-15;2;7;7
2013121502;HOU@IND;2013-12-15;2;9;1
2013121509;ARI@TEN;2013-12-15;2;9;2
2013121507;STL@NO;2013-12-15;2;9;9
2013121511;OAK@KC;2013-12-15;2;22;8
2013121503;JAC@BUF;2013-12-15;2;24;12
2013121509;ARI@TEN;2013-12-15;3;0;1
2013121502;HOU@IND;2013-12-15;3;0;10
2013121513;CIN@PIT;2013-12-15;3;0;11
2013121508;SF@TB;2013-12-15;3;0;13
2013121505;PHI@MIN;2013-12-15;3;0;14
2013121509;TEN@ARI;2013-12-15;3;0;2
2013121501;CHI@CLE;2013-12-15;3;0;2
2013121502;IND@HOU;2013-12-15;3;0;3
2013121500;ATL@WAS;2013-12-15;3;0;3
2013121506;SEA@NYG;2013-12-15;3;0;4
2013121508;SF@TB;2013-12-15;3;0;5
2013121502;IND@HOU;2013-12-15;3;0;6
2013121503;BUF@JAC;2013-12-15;3;0;7
2013121500;WAS@ATL;2013-12-15;3;0;7
2013121507;NO@STL;2013-12-15;3;0;9
2013121507;STL@NO;2013-12-15;3;0;9
2013121505;MIN@PHI;2013-12-15;3;0;9
2013121510;NYJ@CAR;2013-12-15;3;1;14
2013121505;MIN@PHI;2013-12-15;3;1;8
2013121500;WAS@ATL;2013-12-15;3;2;2
2013121506;NYG@SEA;2013-12-15;3;5;7
2013121511;KC@OAK;2013-12-15;3;6;11
2013121503;BUF@JAC;2013-12-15;3;7;14
2013121506;NYG@SEA;2013-12-15;3;7;2
2013121502;HOU@IND;2013-12-15;3;7;5
2013121508;TB@SF;2013-12-15;3;9;11
2013121504;NE@MIA;2013-12-15;3;9;6
2013121508;TB@SF;2013-12-15;3;9;7
2013121506;NYG@SEA;2013-12-15;3;17;14
2013121500;WAS@ATL;2013-12-15;3;25;15
2013121512;DAL@GB;2013-12-15;3;26;1
2013121502;HOU@IND;2013-12-15;3;51;14
2013121505;MIN@PHI;2013-12-15;4;0;10
2013121513;PIT@CIN;2013-12-15;4;0;11
2013121502;IND@HOU;2013-12-15;4;0;12
2013121505;PHI@MIN;2013-12-15;4;0;12
2013121510;NYJ@CAR;2013-12-15;4;0;13
2013121501;CLE@CHI;2013-12-15;4;0;14
2013121502;HOU@IND;2013-12-15;4;0;14
2013121510;CAR@NYJ;2013-12-15;4;0;15
2013121500;ATL@WAS;2013-12-15;4;0;15
2013121502;IND@HOU;2013-12-15;4;0;2
2013121506;SEA@NYG;2013-12-15;4;0;2
2013121509;ARI@TEN;2013-12-15;4;0;3
2013121513;PIT@CIN;2013-12-15;4;0;4
2013121511;KC@OAK;2013-12-15;4;0;5
2013121501;CLE@CHI;2013-12-15;4;0;5
2013121502;IND@HOU;2013-12-15;4;0;6
2013121504;MIA@NE;2013-12-15;4;0;7
2013121506;SEA@NYG;2013-12-15;4;0;8
2013121507;STL@NO;2013-12-15;4;0;9
2013121502;HOU@IND;2013-12-15;4;0;9
2013121503;BUF@JAC;2013-12-15;4;2;2
2013121502;IND@HOU;2013-12-15;4;3;15
2013121500;ATL@WAS;2013-12-15;4;8;6
2013121507;STL@NO;2013-12-15;4;9;1
2013121511;OAK@KC;2013-12-15;4;9;8
2013121502;IND@HOU;2013-12-15;4;11;2
2013121505;PHI@MIN;2013-12-15;4;13;9
2013121501;CLE@CHI;2013-12-15;4;21;10
2013121506;NYG@SEA;2013-12-15;4;22;11
2013121600;DET@BAL;2013-12-16;1;0;5
2013121600;BAL@DET;2013-12-16;1;7;9
2013121600;DET@BAL;2013-12-16;2;0;2
2013121600;DET@BAL;2013-12-16;2;0;7
2013121600;BAL@DET;2013-12-16;2;8;9
2013121600;DET@BAL;2013-12-16;2;24;10
2013121600;BAL@DET;2013-12-16;3;16;14
2013121600;DET@BAL;2013-12-16;4;0;12
2013121600;BAL@DET;2013-12-16;4;0;14
2013121600;BAL@DET;2013-12-16;4;2;11
2013122203;HOU@DEN;2013-12-22;1;-14;14
2013122200;MIA@BUF;2013-12-22;1;-4;6
2013122200;MIA@BUF;2013-12-22;1;-3;4
2013122207;CHI@PHI;2013-12-22;1;-3;7
2013122200;BUF@MIA;2013-12-22;1;-2;5
2013122212;PIT@GB;2013-12-22;1;0;10
2013122210;DET@NYG;2013-12-22;1;0;10
2013122209;WAS@DAL;2013-12-22;1;0;10
2013122205;IND@KC;2013-12-22;1;0;11
2013122208;STL@TB;2013-12-22;1;0;12
2013122200;BUF@MIA;2013-12-22;1;0;12
2013122207;CHI@PHI;2013-12-22;1;0;13
2013122213;OAK@SD;2013-12-22;1;0;13
2013122214;BAL@NE;2013-12-22;1;0;13
2013122206;NYJ@CLE;2013-12-22;1;0;13
2013122204;JAC@TEN;2013-12-22;1;0;13
2013122212;GB@PIT;2013-12-22;1;0;14
2013122206;CLE@NYJ;2013-12-22;1;0;14
2013122204;JAC@TEN;2013-12-22;1;0;14
2013122201;NO@CAR;2013-12-22;1;0;2
2013122214;BAL@NE;2013-12-22;1;0;3
2013122202;MIN@CIN;2013-12-22;1;0;7
2013122211;SEA@ARI;2013-12-22;1;0;8
2013122201;NO@CAR;2013-12-22;1;0;8
2013122211;ARI@SEA;2013-12-22;1;0;9
2013122200;MIA@BUF;2013-12-22;1;0;9
2013122201;CAR@NO;2013-12-22;1;1;1
2013122205;KC@IND;2013-12-22;1;4;2
2013122204;TEN@JAC;2013-12-22;1;4;4
2013122211;SEA@ARI;2013-12-22;1;6;10
2013122202;MIN@CIN;2013-12-22;1;6;13
2013122203;HOU@DEN;2013-12-22;1;7;8
2013122206;NYJ@CLE;2013-12-22;1;10;3
2013122214;BAL@NE;2013-12-22;1;11;3
2013122201;CAR@NO;2013-12-22;1;11;6
2013122205;KC@IND;2013-12-22;1;12;8
2013122208;TB@STL;2013-12-22;1;14;14
2013122214;NE@BAL;2013-12-22;1;18;14
2013122209;DAL@WAS;2013-12-22;1;18;9
2013122202;CIN@MIN;2013-12-22;1;22;9
2013122205;IND@KC;2013-12-22;1;25;14
2013122213;OAK@SD;2013-12-22;1;28;2
2013122209;WAS@DAL;2013-12-22;1;62;14
2013122213;OAK@SD;2013-12-22;2;-1;2
2013122204;JAC@TEN;2013-12-22;2;-1;8
2013122214;NE@BAL;2013-12-22;2;0;1
2013122214;NE@BAL;2013-12-22;2;0;1
2013122206;CLE@NYJ;2013-12-22;2;0;1
2013122201;NO@CAR;2013-12-22;2;0;1
2013122200;MIA@BUF;2013-12-22;2;0;1
2013122207;PHI@CHI;2013-12-22;2;0;11
2013122212;PIT@GB;2013-12-22;2;0;11
2013122211;SEA@ARI;2013-12-22;2;0;11
2013122200;MIA@BUF;2013-12-22;2;0;11
2013122210;NYG@DET;2013-12-22;2;0;12
2013122208;TB@STL;2013-12-22;2;0;12
2013122203;HOU@DEN;2013-12-22;2;0;12
2013122202;CIN@MIN;2013-12-22;2;0;12
2013122214;BAL@NE;2013-12-22;2;0;13
2013122207;CHI@PHI;2013-12-22;2;0;15
2013122209;DAL@WAS;2013-12-22;2;0;15
2013122202;MIN@CIN;2013-12-22;2;0;15
2013122211;SEA@ARI;2013-12-22;2;0;2
2013122202;MIN@CIN;2013-12-22;2;0;2
2013122200;MIA@BUF;2013-12-22;2;0;2
2013122212;PIT@GB;2013-12-22;2;0;5
2013122214;BAL@NE;2013-12-22;2;0;5
2013122214;BAL@NE;2013-12-22;2;0;5
2013122207;CHI@PHI;2013-12-22;2;0;6
2013122212;GB@PIT;2013-12-22;2;0;7
2013122202;CIN@MIN;2013-12-22;2;0;8
2013122200;BUF@MIA;2013-12-22;2;2;1
2013122214;NE@BAL;2013-12-22;2;2;9
2013122203;HOU@DEN;2013-12-22;2;5;13
2013122208;TB@STL;2013-12-22;2;5;5
2013122205;KC@IND;2013-12-22;2;7;8
2013122203;HOU@DEN;2013-12-22;2;8;1
2013122201;CAR@NO;2013-12-22;2;8;6
2013122201;CAR@NO;2013-12-22;2;10;3
2013122212;PIT@GB;2013-12-22;2;10;5
2013122210;DET@NYG;2013-12-22;2;11;2
2013122201;NO@CAR;2013-12-22;2;13;5
2013122211;ARI@SEA;2013-12-22;2;18;12
2013122202;MIN@CIN;2013-12-22;2;21;6
2013122206;NYJ@CLE;2013-12-22;2;29;9
2013122212;GB@PIT;2013-12-22;2;41;13
2013122203;DEN@HOU;2013-12-22;2;51;11
2013122212;GB@PIT;2013-12-22;3;0;1
2013122205;KC@IND;2013-12-22;3;0;1
2013122203;DEN@HOU;2013-12-22;3;0;1
2013122201;NO@CAR;2013-12-22;3;0;1
2013122207;PHI@CHI;2013-12-22;3;0;11
2013122211;SEA@ARI;2013-12-22;3;0;11
2013122213;OAK@SD;2013-12-22;3;0;12
2013122213;SD@OAK;2013-12-22;3;0;13
2013122200;BUF@MIA;2013-12-22;3;0;13
2013122211;SEA@ARI;2013-12-22;3;0;14
2013122208;STL@TB;2013-12-22;3;0;14
2013122206;NYJ@CLE;2013-12-22;3;0;14
2013122210;DET@NYG;2013-12-22;3;0;3
2013122203;HOU@DEN;2013-12-22;3;0;3
2013122201;CAR@NO;2013-12-22;3;0;3
2013122204;JAC@TEN;2013-12-22;3;0;4
2013122207;CHI@PHI;2013-12-22;3;0;6
2013122211;ARI@SEA;2013-12-22;3;0;6
2013122206;CLE@NYJ;2013-12-22;3;0;6
2013122212;GB@PIT;2013-12-22;3;0;7
2013122211;SEA@ARI;2013-12-22;3;0;7
2013122200;MIA@BUF;2013-12-22;3;0;7
2013122210;NYG@DET;2013-12-22;3;0;8
2013122211;ARI@SEA;2013-12-22;3;0;9
2013122200;BUF@MIA;2013-12-22;3;0;9
2013122203;DEN@HOU;2013-12-22;3;3;15
2013122203;HOU@DEN;2013-12-22;3;6;8
2013122200;MIA@BUF;2013-12-22;3;7;11
2013122213;OAK@SD;2013-12-22;3;7;4
2013122205;KC@IND;2013-12-22;3;9;11
2013122203;DEN@HOU;2013-12-22;3;9;7
2013122203;DEN@HOU;2013-12-22;3;11;10
2013122214;NE@BAL;2013-12-22;3;12;13
2013122208;TB@STL;2013-12-22;3;15;4
2013122211;SEA@ARI;2013-12-22;3;17;4
2013122209;DAL@WAS;2013-12-22;3;17;4
2013122214;NE@BAL;2013-12-22;3;22;2
2013122211;ARI@SEA;2013-12-22;3;29;12
2013122212;PIT@GB;2013-12-22;3;30;13
2013122210;NYG@DET;2013-12-22;3;50;14
2013122205;IND@KC;2013-12-22;4;-2;14
2013122210;NYG@DET;2013-12-22;4;0;10
2013122204;TEN@JAC;2013-12-22;4;0;10
2013122204;JAC@TEN;2013-12-22;4;0;11
2013122203;HOU@DEN;2013-12-22;4;0;11
2013122214;NE@BAL;2013-12-22;4;0;13
2013122201;CAR@NO;2013-12-22;4;0;13
2013122211;SEA@ARI;2013-12-22;4;0;14
2013122201;NO@CAR;2013-12-22;4;0;14
2013122210;NYG@DET;2013-12-22;4;0;2
2013122204;TEN@JAC;2013-12-22;4;0;2
2013122201;NO@CAR;2013-12-22;4;0;2
2013122201;CAR@NO;2013-12-22;4;0;3
2013122212;PIT@GB;2013-12-22;4;0;4
2013122210;DET@NYG;2013-12-22;4;0;4
2013122209;WAS@DAL;2013-12-22;4;0;4
2013122205;IND@KC;2013-12-22;4;0;6
2013122203;HOU@DEN;2013-12-22;4;0;6
2013122202;CIN@MIN;2013-12-22;4;0;6
2013122201;CAR@NO;2013-12-22;4;0;6
2013122200;BUF@MIA;2013-12-22;4;0;6
2013122210;NYG@DET;2013-12-22;4;0;7
2013122210;NYG@DET;2013-12-22;4;0;7
2013122200;MIA@BUF;2013-12-22;4;0;7
2013122214;NE@BAL;2013-12-22;4;0;9
2013122207;CHI@PHI;2013-12-22;4;5;7
2013122212;PIT@GB;2013-12-22;4;6;11
2013122203;DEN@HOU;2013-12-22;4;7;2
2013122201;NO@CAR;2013-12-22;4;7;5
2013122210;DET@NYG;2013-12-22;4;7;8
2013122210;DET@NYG;2013-12-22;4;9;1
2013122210;DET@NYG;2013-12-22;5;7;13
2013122300;ATL@SF;2013-12-23;1;0;5
2013122300;ATL@SF;2013-12-23;1;10;12
2013122300;SF@ATL;2013-12-23;2;0;15
2013122300;ATL@SF;2013-12-23;2;0;3
2013122300;SF@ATL;2013-12-23;2;11;8
2013122300;SF@ATL;2013-12-23;2;22;2
2013122300;ATL@SF;2013-12-23;3;0;10
2013122300;ATL@SF;2013-12-23;3;10;3
2013122915;SEA@STL;2013-12-29;1;0;1
2013122907;BUF@NE;2013-12-29;1;0;1
2013122909;WAS@NYG;2013-12-29;1;0;11
2013122905;MIA@NYJ;2013-12-29;1;0;12
2013122909;NYG@WAS;2013-12-29;1;0;12
2013122909;WAS@NYG;2013-12-29;1;0;13
2013122913;OAK@DEN;2013-12-29;1;0;14
2013122901;CHI@GB;2013-12-29;1;0;14
2013122913;OAK@DEN;2013-12-29;1;0;3
2013122915;STL@SEA;2013-12-29;1;0;3
2013122911;HOU@TEN;2013-12-29;1;0;3
2013122909;WAS@NYG;2013-12-29;1;0;3
2013122903;DAL@PHI;2013-12-29;1;0;4
2013122906;DET@MIN;2013-12-29;1;0;4
2013122905;NYJ@MIA;2013-12-29;1;0;4
2013122906;MIN@DET;2013-12-29;1;0;6
2013122906;MIN@DET;2013-12-29;1;0;6
2013122904;JAC@IND;2013-12-29;1;0;6
2013122900;ATL@CAR;2013-12-29;1;0;7
2013122905;MIA@NYJ;2013-12-29;1;0;8
2013122911;TEN@HOU;2013-12-29;1;0;8
2013122909;NYG@WAS;2013-12-29;1;0;8
2013122914;KC@SD;2013-12-29;1;0;9
2013122915;STL@SEA;2013-12-29;1;0;9
2013122904;JAC@IND;2013-12-29;1;5;11
2013122910;CLE@PIT;2013-12-29;1;5;14
2013122906;MIN@DET;2013-12-29;1;8;14
2013122909;WAS@NYG;2013-12-29;1;8;7
2013122900;ATL@CAR;2013-12-29;1;9;1
2013122915;SEA@STL;2013-12-29;1;9;7
2013122900;CAR@ATL;2013-12-29;1;10;3
2013122909;NYG@WAS;2013-12-29;1;10;6
2013122915;SEA@STL;2013-12-29;1;11;14
2013122906;DET@MIN;2013-12-29;1;12;10
2013122912;ARI@SF;2013-12-29;1;14;14
2013122906;DET@MIN;2013-12-29;1;15;1
2013122905;NYJ@MIA;2013-12-29;1;15;11
2013122900;CAR@ATL;2013-12-29;1;23;8
2013122915;STL@SEA;2013-12-29;2;-7;13
2013122909;WAS@NYG;2013-12-29;2;-6;4
2013122914;SD@KC;2013-12-29;2;0;1
2013122906;MIN@DET;2013-12-29;2;0;1
2013122908;TB@NO;2013-12-29;2;0;10
2013122906;DET@MIN;2013-12-29;2;0;10
2013122902;BAL@CIN;2013-12-29;2;0;10
2013122914;KC@SD;2013-12-29;2;0;11
2013122912;SF@ARI;2013-12-29;2;0;11
2013122908;NO@TB;2013-12-29;2;0;11
2013122902;CIN@BAL;2013-12-29;2;0;11
2013122909;WAS@NYG;2013-12-29;2;0;11
2013122903;PHI@DAL;2013-12-29;2;0;12
2013122901;CHI@GB;2013-12-29;2;0;13
2013122912;SF@ARI;2013-12-29;2;0;14
2013122908;TB@NO;2013-12-29;2;0;15
2013122911;TEN@HOU;2013-12-29;2;0;15
2013122910;PIT@CLE;2013-12-29;2;0;15
2013122906;DET@MIN;2013-12-29;2;0;2
2013122911;HOU@TEN;2013-12-29;2;0;2
2013122909;WAS@NYG;2013-12-29;2;0;2
2013122910;CLE@PIT;2013-12-29;2;0;2
2013122915;STL@SEA;2013-12-29;2;0;3
2013122905;MIA@NYJ;2013-12-29;2;0;3
2013122913;OAK@DEN;2013-12-29;2;0;4
2013122904;IND@JAC;2013-12-29;2;0;4
2013122903;PHI@DAL;2013-12-29;2;0;5
2013122915;SEA@STL;2013-12-29;2;0;5
2013122907;BUF@NE;2013-12-29;2;0;5
2013122900;ATL@CAR;2013-12-29;2;0;5
2013122906;MIN@DET;2013-12-29;2;0;5
2013122904;JAC@IND;2013-12-29;2;0;5
2013122901;CHI@GB;2013-12-29;2;0;7
2013122907;NE@BUF;2013-12-29;2;0;7
2013122904;IND@JAC;2013-12-29;2;0;7
2013122914;SD@KC;2013-12-29;2;0;8
2013122913;OAK@DEN;2013-12-29;2;0;9
2013122903;DAL@PHI;2013-12-29;2;1;13
2013122902;BAL@CIN;2013-12-29;2;1;14
2013122905;NYJ@MIA;2013-12-29;2;4;10
2013122910;CLE@PIT;2013-12-29;2;7;13
2013122905;MIA@NYJ;2013-12-29;2;7;9
2013122912;ARI@SF;2013-12-29;2;10;13
2013122902;BAL@CIN;2013-12-29;2;14;5
2013122902;BAL@CIN;2013-12-29;2;18;1
2013122911;HOU@TEN;2013-12-29;2;18;14
2013122912;ARI@SF;2013-12-29;2;21;15
2013122914;KC@SD;2013-12-29;3;-1;2
2013122915;STL@SEA;2013-12-29;3;0;1
2013122900;CAR@ATL;2013-12-29;3;0;1
2013122904;IND@JAC;2013-12-29;3;0;1
2013122905;NYJ@MIA;2013-12-29;3;0;10
2013122904;JAC@IND;2013-12-29;3;0;10
2013122911;TEN@HOU;2013-12-29;3;0;11
2013122909;WAS@NYG;2013-12-29;3;0;11
2013122914;KC@SD;2013-12-29;3;0;12
2013122913;DEN@OAK;2013-12-29;3;0;12
2013122907;BUF@NE;2013-12-29;3;0;13
2013122914;SD@KC;2013-12-29;3;0;14
2013122912;SF@ARI;2013-12-29;3;0;14
2013122910;PIT@CLE;2013-12-29;3;0;14
2013122911;TEN@HOU;2013-12-29;3;0;2
2013122909;NYG@WAS;2013-12-29;3;0;2
2013122901;GB@CHI;2013-12-29;3;0;4
2013122914;SD@KC;2013-12-29;3;0;5
2013122913;OAK@DEN;2013-12-29;3;0;5
2013122907;NE@BUF;2013-12-29;3;0;5
2013122911;HOU@TEN;2013-12-29;3;0;5
2013122903;PHI@DAL;2013-12-29;3;0;6
2013122913;DEN@OAK;2013-12-29;3;0;7
2013122907;NE@BUF;2013-12-29;3;0;8
2013122906;MIN@DET;2013-12-29;3;0;8
2013122902;CIN@BAL;2013-12-29;3;0;8
2013122905;NYJ@MIA;2013-12-29;3;0;9
2013122904;IND@JAC;2013-12-29;3;0;9
2013122900;CAR@ATL;2013-12-29;3;1;13
2013122912;SF@ARI;2013-12-29;3;2;5
2013122909;NYG@WAS;2013-12-29;3;3;13
2013122909;NYG@WAS;2013-12-29;3;4;5
2013122915;STL@SEA;2013-12-29;3;5;14
2013122909;NYG@WAS;2013-12-29;3;6;10
2013122909;WAS@NYG;2013-12-29;3;7;1
2013122902;BAL@CIN;2013-12-29;3;7;14
2013122907;BUF@NE;2013-12-29;3;7;7
2013122905;NYJ@MIA;2013-12-29;3;8;14
2013122900;ATL@CAR;2013-12-29;3;9;3
2013122903;PHI@DAL;2013-12-29;3;11;15
2013122903;DAL@PHI;2013-12-29;3;23;4
2013122914;SD@KC;2013-12-29;3;32;10
2013122901;GB@CHI;2013-12-29;3;49;14
2013122905;MIA@NYJ;2013-12-29;4;0;10
2013122908;NO@TB;2013-12-29;4;0;11
2013122915;STL@SEA;2013-12-29;4;0;12
2013122906;MIN@DET;2013-12-29;4;0;12
2013122912;SF@ARI;2013-12-29;4;0;13
2013122908;TB@NO;2013-12-29;4;0;13
2013122904;JAC@IND;2013-12-29;4;0;13
2013122913;DEN@OAK;2013-12-29;4;0;14
2013122900;CAR@ATL;2013-12-29;4;0;2
2013122904;IND@JAC;2013-12-29;4;0;2
2013122911;TEN@HOU;2013-12-29;4;0;2
2013122910;PIT@CLE;2013-12-29;4;0;2
2013122908;TB@NO;2013-12-29;4;0;3
2013122900;CAR@ATL;2013-12-29;4;0;4
2013122909;NYG@WAS;2013-12-29;4;0;4
2013122912;SF@ARI;2013-12-29;4;0;6
2013122906;DET@MIN;2013-12-29;4;0;6
2013122911;TEN@HOU;2013-12-29;4;0;6
2013122901;CHI@GB;2013-12-29;4;0;7
2013122908;NO@TB;2013-12-29;4;0;8
2013122911;HOU@TEN;2013-12-29;4;0;8
2013122910;CLE@PIT;2013-12-29;4;0;8
2013122902;CIN@BAL;2013-12-29;4;3;5
2013122908;NO@TB;2013-12-29;4;4;11
2013122902;BAL@CIN;2013-12-29;4;4;11
2013122915;SEA@STL;2013-12-29;4;5;14
2013122903;PHI@DAL;2013-12-29;4;7;2
2013122914;KC@SD;2013-12-29;4;7;8
2013122910;CLE@PIT;2013-12-29;4;9;11
2013122900;ATL@CAR;2013-12-29;4;15;2
2013122910;PIT@CLE;2013-12-29;4;21;6
2013122906;DET@MIN;2013-12-29;4;50;10
2013122914;SD@KC;2013-12-29;5;2;13
